"indicator_code";"indicator_name";"theme_name";"indicator_source";"score_scale"
"Demographic_&_Social_Complexity::DEM_AGE_DEPENDENCY_RATIO";"DEM_AGE_DEPENDENCY_RATIO";"Demographic & Social Complexity";"HCCS_WAVE1_CLOSED_FINAL_INDICATOR_SCORE_OUTPUT";"1_TO_4"
"Demographic_&_Social_Complexity::DEM_AVERAGE_HOUSEHOLD_SIZE";"DEM_AVERAGE_HOUSEHOLD_SIZE";"Demographic & Social Complexity";"HCCS_WAVE1_CLOSED_FINAL_INDICATOR_SCORE_OUTPUT";"1_TO_4"
"Demographic_&_Social_Complexity::DEM_BACKYARD_DWELLING_SHARE";"DEM_BACKYARD_DWELLING_SHARE";"Demographic & Social Complexity";"HCCS_WAVE1_CLOSED_FINAL_INDICATOR_SCORE_OUTPUT";"1_TO_4"
"Demographic_&_Social_Complexity::DEM_CHILD_SHARE_0_14";"DEM_CHILD_SHARE_0_14";"Demographic & Social Complexity";"HCCS_WAVE1_CLOSED_FINAL_INDICATOR_SCORE_OUTPUT";"1_TO_4"
"Demographic_&_Social_Complexity::DEM_ELDERLY_SHARE_65_PLUS";"DEM_ELDERLY_SHARE_65_PLUS";"Demographic & Social Complexity";"HCCS_WAVE1_CLOSED_FINAL_INDICATOR_SCORE_OUTPUT";"1_TO_4"
"Demographic_&_Social_Complexity::DEM_INFORMAL_DWELLING_SHARE";"DEM_INFORMAL_DWELLING_SHARE";"Demographic & Social Complexity";"HCCS_WAVE1_CLOSED_FINAL_INDICATOR_SCORE_OUTPUT";"1_TO_4"
"Demographic_&_Social_Complexity::DEM_LOW_INCOME_HOUSEHOLD_SHARE";"DEM_LOW_INCOME_HOUSEHOLD_SHARE";"Demographic & Social Complexity";"HCCS_WAVE1_CLOSED_FINAL_INDICATOR_SCORE_OUTPUT";"1_TO_4"
"Demographic_&_Social_Complexity::DEM_NO_MATRIC_ADULT_SHARE";"DEM_NO_MATRIC_ADULT_SHARE";"Demographic & Social Complexity";"HCCS_WAVE1_CLOSED_FINAL_INDICATOR_SCORE_OUTPUT";"1_TO_4"
"Demographic_&_Social_Complexity::DEM_POPULATION_DENSITY_MDB_AREA";"DEM_POPULATION_DENSITY_MDB_AREA";"Demographic & Social Complexity";"HCCS_WAVE1_CLOSED_FINAL_INDICATOR_SCORE_OUTPUT";"1_TO_4"
"Demographic_&_Social_Complexity::DEM_POPULATION_GROWTH_2011_2022";"DEM_POPULATION_GROWTH_2011_2022";"Demographic & Social Complexity";"HCCS_WAVE1_CLOSED_FINAL_INDICATOR_SCORE_OUTPUT";"1_TO_4"
"Demographic_&_Social_Complexity::DEM_TOTAL_HOUSEHOLDS";"DEM_TOTAL_HOUSEHOLDS";"Demographic & Social Complexity";"HCCS_WAVE1_CLOSED_FINAL_INDICATOR_SCORE_OUTPUT";"1_TO_4"
"Demographic_&_Social_Complexity::DEM_TOTAL_POPULATION";"DEM_TOTAL_POPULATION";"Demographic & Social Complexity";"HCCS_WAVE1_CLOSED_FINAL_INDICATOR_SCORE_OUTPUT";"1_TO_4"
"Demographic_&_Social_Complexity::DEM_TRADITIONAL_DWELLING_SHARE";"DEM_TRADITIONAL_DWELLING_SHARE";"Demographic & Social Complexity";"HCCS_WAVE1_CLOSED_FINAL_INDICATOR_SCORE_OUTPUT";"1_TO_4"
"Demographic_&_Social_Complexity::DEM_YOUTH_SHARE_15_34";"DEM_YOUTH_SHARE_15_34";"Demographic & Social Complexity";"HCCS_WAVE1_CLOSED_FINAL_INDICATOR_SCORE_OUTPUT";"1_TO_4"
"Economic_Development_&_Vulnerability::ECO_INDIGENT_HOUSEHOLD_SHARE";"ECO_INDIGENT_HOUSEHOLD_SHARE";"Economic Development & Vulnerability";"HCCS_WAVE1_CLOSED_FINAL_INDICATOR_SCORE_OUTPUT";"1_TO_4"
"Economic_Development_&_Vulnerability::ECO_NO_INTERNET_ACCESS_SHARE";"ECO_NO_INTERNET_ACCESS_SHARE";"Economic Development & Vulnerability";"HCCS_WAVE1_CLOSED_FINAL_INDICATOR_SCORE_OUTPUT";"1_TO_4"
"Economic_Development_&_Vulnerability::ECO_UNEMPLOYMENT_PROXY_CENSUS";"ECO_UNEMPLOYMENT_PROXY_CENSUS";"Economic Development & Vulnerability";"HCCS_WAVE1_CLOSED_FINAL_INDICATOR_SCORE_OUTPUT";"1_TO_4"
"Financial_Sustainability_&_Performance::FIN_AUDIT_ADVERSE_WITH_FINDINGS";"FIN_AUDIT_ADVERSE_WITH_FINDINGS";"Financial Sustainability & Performance";"HCCS_WAVE1_CLOSED_FINAL_INDICATOR_SCORE_OUTPUT";"1_TO_4"
"Financial_Sustainability_&_Performance::FIN_AUDIT_DISCLAIMED_WITH_FINDINGS";"FIN_AUDIT_DISCLAIMED_WITH_FINDINGS";"Financial Sustainability & Performance";"HCCS_WAVE1_CLOSED_FINAL_INDICATOR_SCORE_OUTPUT";"1_TO_4"
"Financial_Sustainability_&_Performance::FIN_AUDIT_NOT_FINALISED";"FIN_AUDIT_NOT_FINALISED";"Financial Sustainability & Performance";"HCCS_WAVE1_CLOSED_FINAL_INDICATOR_SCORE_OUTPUT";"1_TO_4"
"Financial_Sustainability_&_Performance::FIN_AUDIT_OUTCOME_CATEGORY";"FIN_AUDIT_OUTCOME_CATEGORY";"Financial Sustainability & Performance";"HCCS_WAVE1_CLOSED_FINAL_INDICATOR_SCORE_OUTPUT";"1_TO_4"
"Financial_Sustainability_&_Performance::FIN_AUDIT_QUALIFIED_WITH_FINDINGS";"FIN_AUDIT_QUALIFIED_WITH_FINDINGS";"Financial Sustainability & Performance";"HCCS_WAVE1_CLOSED_FINAL_INDICATOR_SCORE_OUTPUT";"1_TO_4"
"Financial_Sustainability_&_Performance::FIN_AUDIT_UNQUALIFIED_NO_FINDINGS";"FIN_AUDIT_UNQUALIFIED_NO_FINDINGS";"Financial Sustainability & Performance";"HCCS_WAVE1_CLOSED_FINAL_INDICATOR_SCORE_OUTPUT";"1_TO_4"
"Financial_Sustainability_&_Performance::FIN_AUDIT_UNQUALIFIED_WITH_FINDINGS";"FIN_AUDIT_UNQUALIFIED_WITH_FINDINGS";"Financial Sustainability & Performance";"HCCS_WAVE1_CLOSED_FINAL_INDICATOR_SCORE_OUTPUT";"1_TO_4"
"Financial_Sustainability_&_Performance::FIN_CAPEX_SPENDING_RATE";"FIN_CAPEX_SPENDING_RATE";"Financial Sustainability & Performance";"HCCS_WAVE1_CLOSED_FINAL_INDICATOR_SCORE_OUTPUT";"1_TO_4"
"Financial_Sustainability_&_Performance::FIN_CAPITAL_EXPENDITURE_ACTUAL";"FIN_CAPITAL_EXPENDITURE_ACTUAL";"Financial Sustainability & Performance";"HCCS_WAVE1_CLOSED_FINAL_INDICATOR_SCORE_OUTPUT";"1_TO_4"
"Financial_Sustainability_&_Performance::FIN_CASH_AND_CASH_EQUIVALENTS";"FIN_CASH_AND_CASH_EQUIVALENTS";"Financial Sustainability & Performance";"HCCS_WAVE1_CLOSED_FINAL_INDICATOR_SCORE_OUTPUT";"1_TO_4"
"Financial_Sustainability_&_Performance::FIN_CASH_COVERAGE_MONTHS";"FIN_CASH_COVERAGE_MONTHS";"Financial Sustainability & Performance";"HCCS_WAVE1_CLOSED_FINAL_INDICATOR_SCORE_OUTPUT";"1_TO_4"
"Financial_Sustainability_&_Performance::FIN_CONDITIONAL_GRANT_ACTUAL";"FIN_CONDITIONAL_GRANT_ACTUAL";"Financial Sustainability & Performance";"HCCS_WAVE1_CLOSED_FINAL_INDICATOR_SCORE_OUTPUT";"1_TO_4"
"Financial_Sustainability_&_Performance::FIN_CONDITIONAL_GRANT_SPENDING_RATE";"FIN_CONDITIONAL_GRANT_SPENDING_RATE";"Financial Sustainability & Performance";"HCCS_WAVE1_CLOSED_FINAL_INDICATOR_SCORE_OUTPUT";"1_TO_4"
"Financial_Sustainability_&_Performance::FIN_CONSUMER_DEBTORS";"FIN_CONSUMER_DEBTORS";"Financial Sustainability & Performance";"HCCS_WAVE1_CLOSED_FINAL_INDICATOR_SCORE_OUTPUT";"1_TO_4"
"Financial_Sustainability_&_Performance::FIN_CREDITORS";"FIN_CREDITORS";"Financial Sustainability & Performance";"HCCS_WAVE1_CLOSED_FINAL_INDICATOR_SCORE_OUTPUT";"1_TO_4"
"Financial_Sustainability_&_Performance::FIN_CURRENT_RATIO";"FIN_CURRENT_RATIO";"Financial Sustainability & Performance";"HCCS_WAVE1_CLOSED_FINAL_INDICATOR_SCORE_OUTPUT";"1_TO_4"
"Financial_Sustainability_&_Performance::FIN_ESKOM_DEBT_RELIEF_PARTICIPATION";"FIN_ESKOM_DEBT_RELIEF_PARTICIPATION";"Financial Sustainability & Performance";"HCCS_WAVE1_CLOSED_FINAL_INDICATOR_SCORE_OUTPUT";"1_TO_4"
"Financial_Sustainability_&_Performance::FIN_FINANCIALLY_DISTRESSED_STATUS";"FIN_FINANCIALLY_DISTRESSED_STATUS";"Financial Sustainability & Performance";"HCCS_WAVE1_CLOSED_FINAL_INDICATOR_SCORE_OUTPUT";"1_TO_4"
"Financial_Sustainability_&_Performance::FIN_GRANT_DEPENDENCY";"FIN_GRANT_DEPENDENCY";"Financial Sustainability & Performance";"HCCS_WAVE1_CLOSED_FINAL_INDICATOR_SCORE_OUTPUT";"1_TO_4"
"Financial_Sustainability_&_Performance::FIN_MUNICIPAL_DEBT_RELIEF_PARTICIPATION";"FIN_MUNICIPAL_DEBT_RELIEF_PARTICIPATION";"Financial Sustainability & Performance";"HCCS_WAVE1_CLOSED_FINAL_INDICATOR_SCORE_OUTPUT";"1_TO_4"
"Financial_Sustainability_&_Performance::FIN_OPERATING_SURPLUS_DEFICIT";"FIN_OPERATING_SURPLUS_DEFICIT";"Financial Sustainability & Performance";"HCCS_WAVE1_CLOSED_FINAL_INDICATOR_SCORE_OUTPUT";"1_TO_4"
"Financial_Sustainability_&_Performance::FIN_OWN_REVENUE_SHARE";"FIN_OWN_REVENUE_SHARE";"Financial Sustainability & Performance";"HCCS_WAVE1_CLOSED_FINAL_INDICATOR_SCORE_OUTPUT";"1_TO_4"
"Financial_Sustainability_&_Performance::FIN_REPAIRS_MAINTENANCE_EXPENDITURE";"FIN_REPAIRS_MAINTENANCE_EXPENDITURE";"Financial Sustainability & Performance";"HCCS_WAVE1_CLOSED_FINAL_INDICATOR_SCORE_OUTPUT";"1_TO_4"
"Financial_Sustainability_&_Performance::FIN_REPAIRS_MAINTENANCE_PPE_RATIO";"FIN_REPAIRS_MAINTENANCE_PPE_RATIO";"Financial Sustainability & Performance";"HCCS_WAVE1_CLOSED_FINAL_INDICATOR_SCORE_OUTPUT";"1_TO_4"
"Financial_Sustainability_&_Performance::FIN_TOTAL_OPERATING_EXPENDITURE";"FIN_TOTAL_OPERATING_EXPENDITURE";"Financial Sustainability & Performance";"HCCS_WAVE1_CLOSED_FINAL_INDICATOR_SCORE_OUTPUT";"1_TO_4"
"Financial_Sustainability_&_Performance::FIN_TOTAL_OPERATING_REVENUE";"FIN_TOTAL_OPERATING_REVENUE";"Financial Sustainability & Performance";"HCCS_WAVE1_CLOSED_FINAL_INDICATOR_SCORE_OUTPUT";"1_TO_4"
"Financial_Sustainability_&_Performance::FIN_UNFUNDED_BUDGET_STATUS";"FIN_UNFUNDED_BUDGET_STATUS";"Financial Sustainability & Performance";"HCCS_WAVE1_CLOSED_FINAL_INDICATOR_SCORE_OUTPUT";"1_TO_4"
"Financial_Sustainability_&_Performance::FIN_UNSPENT_CONDITIONAL_GRANTS";"FIN_UNSPENT_CONDITIONAL_GRANTS";"Financial Sustainability & Performance";"HCCS_WAVE1_CLOSED_FINAL_INDICATOR_SCORE_OUTPUT";"1_TO_4"
"Leadership,_Governance_&_Institutional_Capability::GOV_AUDIT_COMMITTEE_OR_INTERNAL_AUDIT_ISSUES";"GOV_AUDIT_COMMITTEE_OR_INTERNAL_AUDIT_ISSUES";"Leadership, Governance & Institutional Capability";"HCCS_WAVE1_CLOSED_FINAL_INDICATOR_SCORE_OUTPUT";"1_TO_4"
"Leadership,_Governance_&_Institutional_Capability::GOV_EXPENDITURE_MANAGEMENT_FINDINGS";"GOV_EXPENDITURE_MANAGEMENT_FINDINGS";"Leadership, Governance & Institutional Capability";"HCCS_WAVE1_CLOSED_FINAL_INDICATOR_SCORE_OUTPUT";"1_TO_4"
"Leadership,_Governance_&_Institutional_Capability::GOV_INTERNAL_CONTROL_DEFICIENCIES";"GOV_INTERNAL_CONTROL_DEFICIENCIES";"Leadership, Governance & Institutional Capability";"HCCS_WAVE1_CLOSED_FINAL_INDICATOR_SCORE_OUTPUT";"1_TO_4"
"Leadership,_Governance_&_Institutional_Capability::GOV_KEY_CONTROLS_STATUS";"GOV_KEY_CONTROLS_STATUS";"Leadership, Governance & Institutional Capability";"HCCS_WAVE1_CLOSED_FINAL_INDICATOR_SCORE_OUTPUT";"1_TO_4"
"Leadership,_Governance_&_Institutional_Capability::GOV_MATERIAL_IRREGULARITY_STATUS";"GOV_MATERIAL_IRREGULARITY_STATUS";"Leadership, Governance & Institutional Capability";"HCCS_WAVE1_CLOSED_FINAL_INDICATOR_SCORE_OUTPUT";"1_TO_4"
"Leadership,_Governance_&_Institutional_Capability::GOV_PERFORMANCE_REPORTING_FINDINGS";"GOV_PERFORMANCE_REPORTING_FINDINGS";"Leadership, Governance & Institutional Capability";"HCCS_WAVE1_CLOSED_FINAL_INDICATOR_SCORE_OUTPUT";"1_TO_4"
"Leadership,_Governance_&_Institutional_Capability::GOV_REPEAT_FINDINGS";"GOV_REPEAT_FINDINGS";"Leadership, Governance & Institutional Capability";"HCCS_WAVE1_CLOSED_FINAL_INDICATOR_SCORE_OUTPUT";"1_TO_4"
"Leadership,_Governance_&_Institutional_Capability::GOV_REVENUE_MANAGEMENT_FINDINGS";"GOV_REVENUE_MANAGEMENT_FINDINGS";"Leadership, Governance & Institutional Capability";"HCCS_WAVE1_CLOSED_FINAL_INDICATOR_SCORE_OUTPUT";"1_TO_4"
"Leadership,_Governance_&_Institutional_Capability::GOV_SCM_COMPLIANCE_FINDINGS";"GOV_SCM_COMPLIANCE_FINDINGS";"Leadership, Governance & Institutional Capability";"HCCS_WAVE1_CLOSED_FINAL_INDICATOR_SCORE_OUTPUT";"1_TO_4"
"Service_Delivery_&_Infrastructure_Pressure::SD_ELECTRICITY_INFRASTRUCTURE_BACKLOG";"SD_ELECTRICITY_INFRASTRUCTURE_BACKLOG";"Service Delivery & Infrastructure Pressure";"HCCS_WAVE1_CLOSED_FINAL_INDICATOR_SCORE_OUTPUT";"1_TO_4"
"Service_Delivery_&_Infrastructure_Pressure::SD_FREE_BASIC_ELECTRICITY_CONSUMER_UNITS";"SD_FREE_BASIC_ELECTRICITY_CONSUMER_UNITS";"Service Delivery & Infrastructure Pressure";"HCCS_WAVE1_CLOSED_FINAL_INDICATOR_SCORE_OUTPUT";"1_TO_4"
"Service_Delivery_&_Infrastructure_Pressure::SD_FREE_BASIC_REFUSE_CONSUMER_UNITS";"SD_FREE_BASIC_REFUSE_CONSUMER_UNITS";"Service Delivery & Infrastructure Pressure";"HCCS_WAVE1_CLOSED_FINAL_INDICATOR_SCORE_OUTPUT";"1_TO_4"
"Service_Delivery_&_Infrastructure_Pressure::SD_FREE_BASIC_SANITATION_CONSUMER_UNITS";"SD_FREE_BASIC_SANITATION_CONSUMER_UNITS";"Service Delivery & Infrastructure Pressure";"HCCS_WAVE1_CLOSED_FINAL_INDICATOR_SCORE_OUTPUT";"1_TO_4"
"Service_Delivery_&_Infrastructure_Pressure::SD_FREE_BASIC_WATER_CONSUMER_UNITS";"SD_FREE_BASIC_WATER_CONSUMER_UNITS";"Service Delivery & Infrastructure Pressure";"HCCS_WAVE1_CLOSED_FINAL_INDICATOR_SCORE_OUTPUT";"1_TO_4"
"Service_Delivery_&_Infrastructure_Pressure::SD_HOUSEHOLDS_BUCKET_TOILET";"SD_HOUSEHOLDS_BUCKET_TOILET";"Service Delivery & Infrastructure Pressure";"HCCS_WAVE1_CLOSED_FINAL_INDICATOR_SCORE_OUTPUT";"1_TO_4"
"Service_Delivery_&_Infrastructure_Pressure::SD_HOUSEHOLDS_ELECTRICITY_FOR_LIGHTING";"SD_HOUSEHOLDS_ELECTRICITY_FOR_LIGHTING";"Service Delivery & Infrastructure Pressure";"HCCS_WAVE1_CLOSED_FINAL_INDICATOR_SCORE_OUTPUT";"1_TO_4"
"Service_Delivery_&_Infrastructure_Pressure::SD_HOUSEHOLDS_REFUSE_REMOVED_WEEKLY";"SD_HOUSEHOLDS_REFUSE_REMOVED_WEEKLY";"Service Delivery & Infrastructure Pressure";"HCCS_WAVE1_CLOSED_FINAL_INDICATOR_SCORE_OUTPUT";"1_TO_4"
"Service_Delivery_&_Infrastructure_Pressure::SD_HOUSEHOLDS_SANITATION_FLUSH_OR_VIP";"SD_HOUSEHOLDS_SANITATION_FLUSH_OR_VIP";"Service Delivery & Infrastructure Pressure";"HCCS_WAVE1_CLOSED_FINAL_INDICATOR_SCORE_OUTPUT";"1_TO_4"
"Service_Delivery_&_Infrastructure_Pressure::SD_HOUSEHOLDS_USING_PIT_LATRINES";"SD_HOUSEHOLDS_USING_PIT_LATRINES";"Service Delivery & Infrastructure Pressure";"HCCS_WAVE1_CLOSED_FINAL_INDICATOR_SCORE_OUTPUT";"1_TO_4"
"Service_Delivery_&_Infrastructure_Pressure::SD_HOUSEHOLDS_WATER_NO_ACCESS";"SD_HOUSEHOLDS_WATER_NO_ACCESS";"Service Delivery & Infrastructure Pressure";"HCCS_WAVE1_CLOSED_FINAL_INDICATOR_SCORE_OUTPUT";"1_TO_4"
"Service_Delivery_&_Infrastructure_Pressure::SD_HOUSEHOLDS_WATER_PIPED_YARD_OR_DWELLING";"SD_HOUSEHOLDS_WATER_PIPED_YARD_OR_DWELLING";"Service Delivery & Infrastructure Pressure";"HCCS_WAVE1_CLOSED_FINAL_INDICATOR_SCORE_OUTPUT";"1_TO_4"
"Service_Delivery_&_Infrastructure_Pressure::SD_HOUSEHOLDS_WITH_NO_REFUSE_SERVICE";"SD_HOUSEHOLDS_WITH_NO_REFUSE_SERVICE";"Service Delivery & Infrastructure Pressure";"HCCS_WAVE1_CLOSED_FINAL_INDICATOR_SCORE_OUTPUT";"1_TO_4"
"Service_Delivery_&_Infrastructure_Pressure::SD_REGISTERED_INDIGENT_HOUSEHOLDS";"SD_REGISTERED_INDIGENT_HOUSEHOLDS";"Service Delivery & Infrastructure Pressure";"HCCS_WAVE1_CLOSED_FINAL_INDICATOR_SCORE_OUTPUT";"1_TO_4"
"Service_Delivery_&_Infrastructure_Pressure::SD_SANITATION_INFRASTRUCTURE_BACKLOG";"SD_SANITATION_INFRASTRUCTURE_BACKLOG";"Service Delivery & Infrastructure Pressure";"HCCS_WAVE1_CLOSED_FINAL_INDICATOR_SCORE_OUTPUT";"1_TO_4"
"Service_Delivery_&_Infrastructure_Pressure::SD_SOLID_WASTE_BACKLOG";"SD_SOLID_WASTE_BACKLOG";"Service Delivery & Infrastructure Pressure";"HCCS_WAVE1_CLOSED_FINAL_INDICATOR_SCORE_OUTPUT";"1_TO_4"
"Service_Delivery_&_Infrastructure_Pressure::SD_WATER_INFRASTRUCTURE_BACKLOG";"SD_WATER_INFRASTRUCTURE_BACKLOG";"Service Delivery & Infrastructure Pressure";"HCCS_WAVE1_CLOSED_FINAL_INDICATOR_SCORE_OUTPUT";"1_TO_4"
"Spatial_Access_&_Service_Reach::SAR_BOUNDARY_TIMESTAMP";"SAR_BOUNDARY_TIMESTAMP";"Spatial Access & Service Reach";"HCCS_WAVE1_CLOSED_FINAL_INDICATOR_SCORE_OUTPUT";"1_TO_4"
"Spatial_Access_&_Service_Reach::SAR_DISTRICT_CODE";"SAR_DISTRICT_CODE";"Spatial Access & Service Reach";"HCCS_WAVE1_CLOSED_FINAL_INDICATOR_SCORE_OUTPUT";"1_TO_4"
"Spatial_Access_&_Service_Reach::SAR_DISTRICT_NAME";"SAR_DISTRICT_NAME";"Spatial Access & Service Reach";"HCCS_WAVE1_CLOSED_FINAL_INDICATOR_SCORE_OUTPUT";"1_TO_4"
"Spatial_Access_&_Service_Reach::SAR_GEOMETRY_PERIMETER";"SAR_GEOMETRY_PERIMETER";"Spatial Access & Service Reach";"HCCS_WAVE1_CLOSED_FINAL_INDICATOR_SCORE_OUTPUT";"1_TO_4"
"Spatial_Access_&_Service_Reach::SAR_GEOMETRY_POLYGON_AVAILABLE";"SAR_GEOMETRY_POLYGON_AVAILABLE";"Spatial Access & Service Reach";"HCCS_WAVE1_CLOSED_FINAL_INDICATOR_SCORE_OUTPUT";"1_TO_4"
"Spatial_Access_&_Service_Reach::SAR_LOCAL_MUNICIPALITY_COUNT";"SAR_LOCAL_MUNICIPALITY_COUNT";"Spatial Access & Service Reach";"HCCS_WAVE1_CLOSED_FINAL_INDICATOR_SCORE_OUTPUT";"1_TO_4"
"Spatial_Access_&_Service_Reach::SAR_MUNICIPAL_AREA_KM2";"SAR_MUNICIPAL_AREA_KM2";"Spatial Access & Service Reach";"HCCS_WAVE1_CLOSED_FINAL_INDICATOR_SCORE_OUTPUT";"1_TO_4"
"Spatial_Access_&_Service_Reach::SAR_MUNICIPAL_CATEGORY";"SAR_MUNICIPAL_CATEGORY";"Spatial Access & Service Reach";"HCCS_WAVE1_CLOSED_FINAL_INDICATOR_SCORE_OUTPUT";"1_TO_4"
"Spatial_Access_&_Service_Reach::SAR_MUNICIPAL_NAME_CODE_VALID";"SAR_MUNICIPAL_NAME_CODE_VALID";"Spatial Access & Service Reach";"HCCS_WAVE1_CLOSED_FINAL_INDICATOR_SCORE_OUTPUT";"1_TO_4"
