"muni_code";"muni_name";"prov_code";"dist_code";"dist_name";"municipality_category";"PDI_MinMax";"HCCS_Score_1_to_4";"Capacity_Profile";"Demographic & Social Complexity";"Demographic & Social Complexity Score 1-4";"Economic Development & Vulnerability";"Economic Development & Vulnerability Score 1-4";"Financial Sustainability & Performance";"Financial Sustainability & Performance Score 1-4";"Leadership, Governance & Institutional Capability";"Leadership, Governance & Institutional Capability Score 1-4";"Service Delivery & Infrastructure Pressure";"Service Delivery & Infrastructure Pressure Score 1-4";"Spatial Access & Service Reach";"Spatial Access & Service Reach Score 1-4"
"DC10";"Sarah Baartman";"EC";"DC10";"Sarah Baartman";"DISTRICT";"";"0,666667";"Standard support priority 4";"0,25";"0";"0,25";"0";"0,5";"2";"0,5";"2";"0,25";"0";"0,25";"0"
"DC12";"Amathole";"EC";"DC12";"Amathole";"DISTRICT";"";"0,666667";"Standard support priority 4";"0,25";"0";"0,25";"0";"0,5";"2";"0,5";"2";"0,25";"0";"0,25";"0"
"DC13";"Chris Hani";"EC";"DC13";"Chris Hani";"DISTRICT";"";"0,666667";"Standard support priority 4";"0,25";"0";"0,25";"0";"0,5";"2";"0,5";"2";"0,25";"0";"0,25";"0"
"DC14";"Joe Gqabi";"EC";"DC14";"Joe Gqabi";"DISTRICT";"";"0,666667";"Standard support priority 4";"0,25";"0";"0,25";"0";"0,5";"2";"0,5";"2";"0,25";"0";"0,25";"0"
"DC15";"O.R.Tambo";"EC";"DC15";"O.R.Tambo";"DISTRICT";"";"0,666667";"Standard support priority 4";"0,25";"0";"0,25";"0";"0,5";"2";"0,5";"2";"0,25";"0";"0,25";"0"
"DC44";"Alfred Nzo";"EC";"DC44";"Alfred Nzo";"DISTRICT";"";"0,666667";"Standard support priority 4";"0,25";"0";"0,25";"0";"0,5";"2";"0,5";"2";"0,25";"0";"0,25";"0"
"EC101";"Dr Beyers Naude Local Municipality";"EC";"DC10";"Sarah Baartman";"LOCAL";"0,5";"2";"Capacity monitoring priority 3";"";"";"";"";"0,5";"2";"0,5";"2";"";"";"";""
"EC102";"Blue Crane Route Local Municipality";"EC";"DC10";"Sarah Baartman";"LOCAL";"0,5";"2";"Capacity monitoring priority 3";"";"";"";"";"0,5";"2";"0,5";"2";"";"";"";""
"EC104";"Makana Local Municipality";"EC";"DC10";"Sarah Baartman";"LOCAL";"0,5";"2";"Capacity monitoring priority 3";"";"";"";"";"0,5";"2";"0,5";"2";"";"";"";""
"EC105";"Ndlambe Local Municipality";"EC";"DC10";"Sarah Baartman";"LOCAL";"0,5";"2";"Capacity monitoring priority 3";"";"";"";"";"0,5";"2";"0,5";"2";"";"";"";""
"EC106";"Sundays River Valley Local Municipality";"EC";"DC10";"Sarah Baartman";"LOCAL";"0,5";"2";"Capacity monitoring priority 3";"";"";"";"";"0,5";"2";"0,5";"2";"";"";"";""
"EC108";"Kouga Local Municipality";"EC";"DC10";"Sarah Baartman";"LOCAL";"0,5";"2";"Capacity monitoring priority 3";"";"";"";"";"0,5";"2";"0,5";"2";"";"";"";""
"EC109";"Kou-Kamma Local Municipality";"EC";"DC10";"Sarah Baartman";"LOCAL";"0,5";"2";"Capacity monitoring priority 3";"";"";"";"";"0,5";"2";"0,5";"2";"";"";"";""
"EC121";"Mbhashe Local Municipality";"EC";"DC12";"Amathole";"LOCAL";"0,5";"2";"Capacity monitoring priority 3";"";"";"";"";"0,5";"2";"0,5";"2";"";"";"";""
"EC122";"Mnquma Local Municipality";"EC";"DC12";"Amathole";"LOCAL";"0,5";"2";"Capacity monitoring priority 3";"";"";"";"";"0,5";"2";"0,5";"2";"";"";"";""
"EC123";"Great Kei Local Municipality";"EC";"DC12";"Amathole";"LOCAL";"0,5";"2";"Capacity monitoring priority 3";"";"";"";"";"0,5";"2";"0,5";"2";"";"";"";""
"EC124";"Amahlathi Local Municipality";"EC";"DC12";"Amathole";"LOCAL";"0,5";"2";"Capacity monitoring priority 3";"";"";"";"";"0,5";"2";"0,5";"2";"";"";"";""
"EC126";"Ngqushwa Local Municipality";"EC";"DC12";"Amathole";"LOCAL";"0,5";"2";"Capacity monitoring priority 3";"";"";"";"";"0,5";"2";"0,5";"2";"";"";"";""
"EC129";"Raymond Mhlaba Local Municipality";"EC";"DC12";"Amathole";"LOCAL";"0,5";"2";"Capacity monitoring priority 3";"";"";"";"";"0,5";"2";"0,5";"2";"";"";"";""
"EC131";"Inxuba Yethemba Local Municipality";"EC";"DC13";"Chris Hani";"LOCAL";"0,5";"2";"Capacity monitoring priority 3";"";"";"";"";"0,5";"2";"0,5";"2";"";"";"";""
"EC135";"Intsika Yethu Local Municipality";"EC";"DC13";"Chris Hani";"LOCAL";"0,5";"2";"Capacity monitoring priority 3";"";"";"";"";"0,5";"2";"0,5";"2";"";"";"";""
"EC136";"Emalahleni Local Municipality";"EC";"DC13";"Chris Hani";"LOCAL";"0,5";"2";"Capacity monitoring priority 3";"";"";"";"";"0,5";"2";"0,5";"2";"";"";"";""
"EC137";"Dr AB Xuma Local Municipality";"EC";"DC13";"Chris Hani";"LOCAL";"0,5";"2";"Capacity monitoring priority 3";"";"";"";"";"0,5";"2";"0,5";"2";"";"";"";""
"EC138";"Sakhisizwe Local Municipality";"EC";"DC13";"Chris Hani";"LOCAL";"0,5";"2";"Capacity monitoring priority 3";"";"";"";"";"0,5";"2";"0,5";"2";"";"";"";""
"EC139";"Enoch Mgijima Local Municipality";"EC";"DC13";"Chris Hani";"LOCAL";"0,5";"2";"Capacity monitoring priority 3";"";"";"";"";"0,5";"2";"0,5";"2";"";"";"";""
"EC141";"Elundini Local Municipality";"EC";"DC14";"Joe Gqabi";"LOCAL";"0,5";"2";"Capacity monitoring priority 3";"";"";"";"";"0,5";"2";"0,5";"2";"";"";"";""
"EC142";"Senqu Local Municipality";"EC";"DC14";"Joe Gqabi";"LOCAL";"0,5";"2";"Capacity monitoring priority 3";"";"";"";"";"0,5";"2";"0,5";"2";"";"";"";""
"EC145";"Walter Sisulu Local Municipality";"EC";"DC14";"Joe Gqabi";"LOCAL";"0,5";"2";"Capacity monitoring priority 3";"";"";"";"";"0,5";"2";"0,5";"2";"";"";"";""
"EC153";"Ngquza Hill Local Municipality";"EC";"DC15";"O.R.Tambo";"LOCAL";"0,5";"2";"Capacity monitoring priority 3";"";"";"";"";"0,5";"2";"0,5";"2";"";"";"";""
"EC154";"Port St Johns Local Municipality";"EC";"DC15";"O.R.Tambo";"LOCAL";"0,5";"2";"Capacity monitoring priority 3";"";"";"";"";"0,5";"2";"0,5";"2";"";"";"";""
"EC155";"Nyandeni Local Municipality";"EC";"DC15";"O.R.Tambo";"LOCAL";"0,5";"2";"Capacity monitoring priority 3";"";"";"";"";"0,5";"2";"0,5";"2";"";"";"";""
"EC156";"Mhlontlo Local Municipality";"EC";"DC15";"O.R.Tambo";"LOCAL";"0,5";"2";"Capacity monitoring priority 3";"";"";"";"";"0,5";"2";"0,5";"2";"";"";"";""
"EC157";"King Sabata Dalindyebo Local Municipality";"EC";"DC15";"O.R.Tambo";"LOCAL";"0,5";"2";"Capacity monitoring priority 3";"";"";"";"";"0,5";"2";"0,5";"2";"";"";"";""
"EC441";"Matatiele Local Municipality";"EC";"DC44";"Alfred Nzo";"LOCAL";"0,5";"2";"Capacity monitoring priority 3";"";"";"";"";"0,5";"2";"0,5";"2";"";"";"";""
"EC442";"Umzimvubu Local Municipality";"EC";"DC44";"Alfred Nzo";"LOCAL";"0,5";"2";"Capacity monitoring priority 3";"";"";"";"";"0,5";"2";"0,5";"2";"";"";"";""
"EC443";"Mbizana Local Municipality";"EC";"DC44";"Alfred Nzo";"LOCAL";"0,5";"2";"Capacity monitoring priority 3";"";"";"";"";"0,5";"2";"0,5";"2";"";"";"";""
"EC444";"Ntabankulu Local Municipality";"EC";"DC44";"Alfred Nzo";"LOCAL";"0,5";"2";"Capacity monitoring priority 3";"";"";"";"";"0,5";"2";"0,5";"2";"";"";"";""
"BUF";"Buffalo City Metropolitan Municipality";"EC";"BUF";"Buffalo City";"METRO";"0,5";"2";"Capacity monitoring priority 3";"";"";"";"";"0,5";"2";"0,5";"2";"";"";"";""
"NMA";"Nelson Mandela Bay Metropolitan Municipality";"EC";"NMA";"Nelson Mandela Bay";"METRO";"0,5";"2";"Capacity monitoring priority 3";"";"";"";"";"0,5";"2";"0,5";"2";"";"";"";""
"DC16";"Xhariep";"FS";"DC16";"Xhariep";"DISTRICT";"";"0,666667";"Standard support priority 4";"0,25";"0";"0,25";"0";"0,5";"2";"0,5";"2";"0,25";"0";"0,25";"0"
"DC18";"Lejweleputswa";"FS";"DC18";"Lejweleputswa";"DISTRICT";"";"0,666667";"Standard support priority 4";"0,25";"0";"0,25";"0";"0,5";"2";"0,5";"2";"0,25";"0";"0,25";"0"
"DC19";"Thabo Mofutsanyane";"FS";"DC19";"Thabo Mofutsanyane";"DISTRICT";"";"0,666667";"Standard support priority 4";"0,25";"0";"0,25";"0";"0,5";"2";"0,5";"2";"0,25";"0";"0,25";"0"
"DC20";"Fezile Dabi";"FS";"DC20";"Fezile Dabi";"DISTRICT";"";"0,666667";"Standard support priority 4";"0,25";"0";"0,25";"0";"0,5";"2";"0,5";"2";"0,25";"0";"0,25";"0"
"FS161";"Letsemeng Local Municipality";"FS";"DC16";"Xhariep";"LOCAL";"0,5";"2";"Capacity monitoring priority 3";"";"";"";"";"0,5";"2";"0,5";"2";"";"";"";""
"FS162";"Kopanong Local Municipality";"FS";"DC16";"Xhariep";"LOCAL";"0,5";"2";"Capacity monitoring priority 3";"";"";"";"";"0,5";"2";"0,5";"2";"";"";"";""
"FS163";"Mohokare Local Municipality";"FS";"DC16";"Xhariep";"LOCAL";"0,5";"2";"Capacity monitoring priority 3";"";"";"";"";"0,5";"2";"0,5";"2";"";"";"";""
"FS181";"Masilonyana Local Municipality";"FS";"DC18";"Lejweleputswa";"LOCAL";"0,5";"2";"Capacity monitoring priority 3";"";"";"";"";"0,5";"2";"0,5";"2";"";"";"";""
"FS182";"Tokologo Local Municipality";"FS";"DC18";"Lejweleputswa";"LOCAL";"0,5";"2";"Capacity monitoring priority 3";"";"";"";"";"0,5";"2";"0,5";"2";"";"";"";""
"FS183";"Tswelopele Local Municipality";"FS";"DC18";"Lejweleputswa";"LOCAL";"0,5";"2";"Capacity monitoring priority 3";"";"";"";"";"0,5";"2";"0,5";"2";"";"";"";""
"FS184";"Matjhabeng Local Municipality";"FS";"DC18";"Lejweleputswa";"LOCAL";"0,5";"2";"Capacity monitoring priority 3";"";"";"";"";"0,5";"2";"0,5";"2";"";"";"";""
"FS185";"Nala Local Municipality";"FS";"DC18";"Lejweleputswa";"LOCAL";"0,5";"2";"Capacity monitoring priority 3";"";"";"";"";"0,5";"2";"0,5";"2";"";"";"";""
"FS191";"Setsoto Local Municipality";"FS";"DC19";"Thabo Mofutsanyane";"LOCAL";"0,5";"2";"Capacity monitoring priority 3";"";"";"";"";"0,5";"2";"0,5";"2";"";"";"";""
"FS192";"Dihlabeng Local Municipality";"FS";"DC19";"Thabo Mofutsanyane";"LOCAL";"0,5";"2";"Capacity monitoring priority 3";"";"";"";"";"0,5";"2";"0,5";"2";"";"";"";""
"FS193";"Nketoana Local Municipality";"FS";"DC19";"Thabo Mofutsanyane";"LOCAL";"0,5";"2";"Capacity monitoring priority 3";"";"";"";"";"0,5";"2";"0,5";"2";"";"";"";""
"FS194";"Maluti a Phofung Local Municipality";"FS";"DC19";"Thabo Mofutsanyane";"LOCAL";"0,5";"2";"Capacity monitoring priority 3";"";"";"";"";"0,5";"2";"0,5";"2";"";"";"";""
"FS195";"Phumelela Local Municipality";"FS";"DC19";"Thabo Mofutsanyane";"LOCAL";"0,5";"2";"Capacity monitoring priority 3";"";"";"";"";"0,5";"2";"0,5";"2";"";"";"";""
"FS196";"Mantsopa Local Municipality";"FS";"DC19";"Thabo Mofutsanyane";"LOCAL";"0,5";"2";"Capacity monitoring priority 3";"";"";"";"";"0,5";"2";"0,5";"2";"";"";"";""
"FS201";"Moqhaka Local Municipality";"FS";"DC20";"Fezile Dabi";"LOCAL";"0,5";"2";"Capacity monitoring priority 3";"";"";"";"";"0,5";"2";"0,5";"2";"";"";"";""
"FS203";"Ngwathe Local Municipality";"FS";"DC20";"Fezile Dabi";"LOCAL";"0,5";"2";"Capacity monitoring priority 3";"";"";"";"";"0,5";"2";"0,5";"2";"";"";"";""
"FS204";"Metsimaholo Local Municipality";"FS";"DC20";"Fezile Dabi";"LOCAL";"0,5";"2";"Capacity monitoring priority 3";"";"";"";"";"0,5";"2";"0,5";"2";"";"";"";""
"FS205";"Mafube Local Municipality";"FS";"DC20";"Fezile Dabi";"LOCAL";"0,5";"2";"Capacity monitoring priority 3";"";"";"";"";"0,5";"2";"0,5";"2";"";"";"";""
"MAN";"Mangaung Metropolitan Municipality";"FS";"MAN";"Mangaung";"METRO";"0,5";"2";"Capacity monitoring priority 3";"";"";"";"";"0,5";"2";"0,5";"2";"";"";"";""
"DC42";"Sedibeng";"GP";"DC42";"Sedibeng";"DISTRICT";"";"0,666667";"Standard support priority 4";"0,25";"0";"0,25";"0";"0,5";"2";"0,5";"2";"0,25";"0";"0,25";"0"
"DC48";"West Rand";"GP";"DC48";"West Rand";"DISTRICT";"";"0,666667";"Standard support priority 4";"0,25";"0";"0,25";"0";"0,5";"2";"0,5";"2";"0,25";"0";"0,25";"0"
"GT421";"Emfuleni Local Municipality";"GP";"DC42";"Sedibeng";"LOCAL";"0,5";"2";"Capacity monitoring priority 3";"";"";"";"";"0,5";"2";"0,5";"2";"";"";"";""
"GT422";"Midvaal Local Municipality";"GP";"DC42";"Sedibeng";"LOCAL";"0,5";"2";"Capacity monitoring priority 3";"";"";"";"";"0,5";"2";"0,5";"2";"";"";"";""
"GT423";"Lesedi Local Municipality";"GP";"DC42";"Sedibeng";"LOCAL";"0,5";"2";"Capacity monitoring priority 3";"";"";"";"";"0,5";"2";"0,5";"2";"";"";"";""
"GT481";"Mogale City Local Municipality";"GP";"DC48";"West Rand";"LOCAL";"0,5";"2";"Capacity monitoring priority 3";"";"";"";"";"0,5";"2";"0,5";"2";"";"";"";""
"GT484";"Merafong City Local Municipality";"GP";"DC48";"West Rand";"LOCAL";"0,5";"2";"Capacity monitoring priority 3";"";"";"";"";"0,5";"2";"0,5";"2";"";"";"";""
"GT485";"Rand West City Local Municipality";"GP";"DC48";"West Rand";"LOCAL";"0,5";"2";"Capacity monitoring priority 3";"";"";"";"";"0,5";"2";"0,5";"2";"";"";"";""
"EKU";"Ekurhuleni Metropolitan Municipality";"GP";"EKU";"Ekurhuleni";"METRO";"0,5";"2";"Capacity monitoring priority 3";"";"";"";"";"0,5";"2";"0,5";"2";"";"";"";""
"JHB";"City of Johannesburg Metropolitan Municipality";"GP";"JHB";"City of Johannesburg";"METRO";"0,5";"2";"Capacity monitoring priority 3";"";"";"";"";"0,5";"2";"0,5";"2";"";"";"";""
"TSH";"City of Tshwane Metropolitan Municipality";"GP";"TSH";"City of Tshwane";"METRO";"0,5";"2";"Capacity monitoring priority 3";"";"";"";"";"0,5";"2";"0,5";"2";"";"";"";""
"DC21";"Ugu";"KZN";"DC21";"Ugu";"DISTRICT";"";"0,666667";"Standard support priority 4";"0,25";"0";"0,25";"0";"0,5";"2";"0,5";"2";"0,25";"0";"0,25";"0"
"DC22";"Umgungundlovu";"KZN";"DC22";"Umgungundlovu";"DISTRICT";"";"0,666667";"Standard support priority 4";"0,25";"0";"0,25";"0";"0,5";"2";"0,5";"2";"0,25";"0";"0,25";"0"
"DC23";"Uthukela";"KZN";"DC23";"Uthukela";"DISTRICT";"";"0,666667";"Standard support priority 4";"0,25";"0";"0,25";"0";"0,5";"2";"0,5";"2";"0,25";"0";"0,25";"0"
"DC24";"Umzinyathi";"KZN";"DC24";"Umzinyathi";"DISTRICT";"";"0,666667";"Standard support priority 4";"0,25";"0";"0,25";"0";"0,5";"2";"0,5";"2";"0,25";"0";"0,25";"0"
"DC25";"Amajuba";"KZN";"DC25";"Amajuba";"DISTRICT";"";"0,666667";"Standard support priority 4";"0,25";"0";"0,25";"0";"0,5";"2";"0,5";"2";"0,25";"0";"0,25";"0"
"DC26";"Zululand";"KZN";"DC26";"Zululand";"DISTRICT";"";"0,666667";"Standard support priority 4";"0,25";"0";"0,25";"0";"0,5";"2";"0,5";"2";"0,25";"0";"0,25";"0"
"DC27";"Umkhanyakude";"KZN";"DC27";"Umkhanyakude";"DISTRICT";"";"0,666667";"Standard support priority 4";"0,25";"0";"0,25";"0";"0,5";"2";"0,5";"2";"0,25";"0";"0,25";"0"
"DC28";"King Cetshwayo";"KZN";"DC28";"King Cetshwayo";"DISTRICT";"";"0,666667";"Standard support priority 4";"0,25";"0";"0,25";"0";"0,5";"2";"0,5";"2";"0,25";"0";"0,25";"0"
"DC29";"iLembe";"KZN";"DC29";"iLembe";"DISTRICT";"";"0,666667";"Standard support priority 4";"0,25";"0";"0,25";"0";"0,5";"2";"0,5";"2";"0,25";"0";"0,25";"0"
"DC43";"Harry Gwala";"KZN";"DC43";"Harry Gwala";"DISTRICT";"";"0,666667";"Standard support priority 4";"0,25";"0";"0,25";"0";"0,5";"2";"0,5";"2";"0,25";"0";"0,25";"0"
"KZN212";"Umdoni Local Municipality";"KZN";"DC21";"Ugu";"LOCAL";"0,5";"2";"Capacity monitoring priority 3";"";"";"";"";"0,5";"2";"0,5";"2";"";"";"";""
"KZN213";"Umzumbe Local Municipality";"KZN";"DC21";"Ugu";"LOCAL";"0,5";"2";"Capacity monitoring priority 3";"";"";"";"";"0,5";"2";"0,5";"2";"";"";"";""
"KZN214";"UMuziwabantu Local Municipality";"KZN";"DC21";"Ugu";"LOCAL";"0,5";"2";"Capacity monitoring priority 3";"";"";"";"";"0,5";"2";"0,5";"2";"";"";"";""
"KZN216";"Ray Nkonyeni Local Municipality";"KZN";"DC21";"Ugu";"LOCAL";"0,5";"2";"Capacity monitoring priority 3";"";"";"";"";"0,5";"2";"0,5";"2";"";"";"";""
"KZN221";"uMshwathi Local Municipality";"KZN";"DC22";"Umgungundlovu";"LOCAL";"0,5";"2";"Capacity monitoring priority 3";"";"";"";"";"0,5";"2";"0,5";"2";"";"";"";""
"KZN222";"uMngeni Local Municipality";"KZN";"DC22";"Umgungundlovu";"LOCAL";"0,5";"2";"Capacity monitoring priority 3";"";"";"";"";"0,5";"2";"0,5";"2";"";"";"";""
"KZN223";"Mpofana Local Municipality";"KZN";"DC22";"Umgungundlovu";"LOCAL";"0,5";"2";"Capacity monitoring priority 3";"";"";"";"";"0,5";"2";"0,5";"2";"";"";"";""
"KZN224";"Impendle Local Municipality";"KZN";"DC22";"Umgungundlovu";"LOCAL";"0,5";"2";"Capacity monitoring priority 3";"";"";"";"";"0,5";"2";"0,5";"2";"";"";"";""
"KZN225";"The Msunduzi Local Municipality";"KZN";"DC22";"Umgungundlovu";"LOCAL";"0,5";"2";"Capacity monitoring priority 3";"";"";"";"";"0,5";"2";"0,5";"2";"";"";"";""
"KZN226";"Mkhambathini Local Municipality";"KZN";"DC22";"Umgungundlovu";"LOCAL";"0,5";"2";"Capacity monitoring priority 3";"";"";"";"";"0,5";"2";"0,5";"2";"";"";"";""
"KZN227";"Richmond Local Municipality";"KZN";"DC22";"Umgungundlovu";"LOCAL";"0,5";"2";"Capacity monitoring priority 3";"";"";"";"";"0,5";"2";"0,5";"2";"";"";"";""
"KZN235";"Okhahlamba Local Municipality";"KZN";"DC23";"Uthukela";"LOCAL";"0,5";"2";"Capacity monitoring priority 3";"";"";"";"";"0,5";"2";"0,5";"2";"";"";"";""
"KZN237";"Inkosi Langalibalele Local Municipality";"KZN";"DC23";"Uthukela";"LOCAL";"0,5";"2";"Capacity monitoring priority 3";"";"";"";"";"0,5";"2";"0,5";"2";"";"";"";""
"KZN238";"Alfred Duma Local Municipality";"KZN";"DC23";"Uthukela";"LOCAL";"0,5";"2";"Capacity monitoring priority 3";"";"";"";"";"0,5";"2";"0,5";"2";"";"";"";""
"KZN241";"Endumeni Local Municipality";"KZN";"DC24";"Umzinyathi";"LOCAL";"0,5";"2";"Capacity monitoring priority 3";"";"";"";"";"0,5";"2";"0,5";"2";"";"";"";""
"KZN242";"Nqutu Local Municipality";"KZN";"DC24";"Umzinyathi";"LOCAL";"0,5";"2";"Capacity monitoring priority 3";"";"";"";"";"0,5";"2";"0,5";"2";"";"";"";""
"KZN244";"Msinga Local Municipality";"KZN";"DC24";"Umzinyathi";"LOCAL";"0,5";"2";"Capacity monitoring priority 3";"";"";"";"";"0,5";"2";"0,5";"2";"";"";"";""
"KZN245";"Umvoti Local Municipality";"KZN";"DC24";"Umzinyathi";"LOCAL";"0,5";"2";"Capacity monitoring priority 3";"";"";"";"";"0,5";"2";"0,5";"2";"";"";"";""
"KZN252";"Newcastle Local Municipality";"KZN";"DC25";"Amajuba";"LOCAL";"0,5";"2";"Capacity monitoring priority 3";"";"";"";"";"0,5";"2";"0,5";"2";"";"";"";""
"KZN253";"Emadlangeni Local Municipality";"KZN";"DC25";"Amajuba";"LOCAL";"0,5";"2";"Capacity monitoring priority 3";"";"";"";"";"0,5";"2";"0,5";"2";"";"";"";""
"KZN254";"Dannhauser Local Municipality";"KZN";"DC25";"Amajuba";"LOCAL";"0,5";"2";"Capacity monitoring priority 3";"";"";"";"";"0,5";"2";"0,5";"2";"";"";"";""
"KZN261";"eDumbe Local Municipality";"KZN";"DC26";"Zululand";"LOCAL";"0,5";"2";"Capacity monitoring priority 3";"";"";"";"";"0,5";"2";"0,5";"2";"";"";"";""
"KZN262";"UPhongolo Local Municipality";"KZN";"DC26";"Zululand";"LOCAL";"0,5";"2";"Capacity monitoring priority 3";"";"";"";"";"0,5";"2";"0,5";"2";"";"";"";""
"KZN263";"Abaqulusi Local Municipality";"KZN";"DC26";"Zululand";"LOCAL";"0,5";"2";"Capacity monitoring priority 3";"";"";"";"";"0,5";"2";"0,5";"2";"";"";"";""
"KZN265";"Nongoma Local Municipality";"KZN";"DC26";"Zululand";"LOCAL";"0,5";"2";"Capacity monitoring priority 3";"";"";"";"";"0,5";"2";"0,5";"2";"";"";"";""
"KZN266";"Ulundi Local Municipality";"KZN";"DC26";"Zululand";"LOCAL";"0,5";"2";"Capacity monitoring priority 3";"";"";"";"";"0,5";"2";"0,5";"2";"";"";"";""
"KZN271";"Umhlabuyalingana Local Municipality";"KZN";"DC27";"Umkhanyakude";"LOCAL";"0,5";"2";"Capacity monitoring priority 3";"";"";"";"";"0,5";"2";"0,5";"2";"";"";"";""
"KZN272";"Jozini Local Municipality";"KZN";"DC27";"Umkhanyakude";"LOCAL";"0,5";"2";"Capacity monitoring priority 3";"";"";"";"";"0,5";"2";"0,5";"2";"";"";"";""
"KZN275";"Mtubatuba Local Municipality";"KZN";"DC27";"Umkhanyakude";"LOCAL";"0,5";"2";"Capacity monitoring priority 3";"";"";"";"";"0,5";"2";"0,5";"2";"";"";"";""
"KZN276";"Big Five Hlabisa Local Municipality";"KZN";"DC27";"Umkhanyakude";"LOCAL";"0,5";"2";"Capacity monitoring priority 3";"";"";"";"";"0,5";"2";"0,5";"2";"";"";"";""
"KZN281";"Mfolozi Local Municipality";"KZN";"DC28";"King Cetshwayo";"LOCAL";"0,5";"2";"Capacity monitoring priority 3";"";"";"";"";"0,5";"2";"0,5";"2";"";"";"";""
"KZN282";"uMhlathuze Local Municipality";"KZN";"DC28";"King Cetshwayo";"LOCAL";"0,5";"2";"Capacity monitoring priority 3";"";"";"";"";"0,5";"2";"0,5";"2";"";"";"";""
"KZN284";"uMlalazi Local Municipality";"KZN";"DC28";"King Cetshwayo";"LOCAL";"0,5";"2";"Capacity monitoring priority 3";"";"";"";"";"0,5";"2";"0,5";"2";"";"";"";""
"KZN285";"Mthonjaneni Local Municipality";"KZN";"DC28";"King Cetshwayo";"LOCAL";"0,5";"2";"Capacity monitoring priority 3";"";"";"";"";"0,5";"2";"0,5";"2";"";"";"";""
"KZN286";"Nkandla Local Municipality";"KZN";"DC28";"King Cetshwayo";"LOCAL";"0,5";"2";"Capacity monitoring priority 3";"";"";"";"";"0,5";"2";"0,5";"2";"";"";"";""
"KZN291";"Mandeni Local Municipality";"KZN";"DC29";"iLembe";"LOCAL";"0,5";"2";"Capacity monitoring priority 3";"";"";"";"";"0,5";"2";"0,5";"2";"";"";"";""
"KZN292";"KwaDukuza Local Municipality";"KZN";"DC29";"iLembe";"LOCAL";"0,5";"2";"Capacity monitoring priority 3";"";"";"";"";"0,5";"2";"0,5";"2";"";"";"";""
"KZN293";"Ndwedwe Local Municipality";"KZN";"DC29";"iLembe";"LOCAL";"0,5";"2";"Capacity monitoring priority 3";"";"";"";"";"0,5";"2";"0,5";"2";"";"";"";""
"KZN294";"Maphumulo Local Municipality";"KZN";"DC29";"iLembe";"LOCAL";"0,5";"2";"Capacity monitoring priority 3";"";"";"";"";"0,5";"2";"0,5";"2";"";"";"";""
"KZN433";"Greater Kokstad Local Municipality";"KZN";"DC43";"Harry Gwala";"LOCAL";"0,5";"2";"Capacity monitoring priority 3";"";"";"";"";"0,5";"2";"0,5";"2";"";"";"";""
"KZN434";"Ubuhlebezwe Local Municipality";"KZN";"DC43";"Harry Gwala";"LOCAL";"0,5";"2";"Capacity monitoring priority 3";"";"";"";"";"0,5";"2";"0,5";"2";"";"";"";""
"KZN435";"Umzimkhulu Local Municipality";"KZN";"DC43";"Harry Gwala";"LOCAL";"0,5";"2";"Capacity monitoring priority 3";"";"";"";"";"0,5";"2";"0,5";"2";"";"";"";""
"KZN436";"Dr Nkosazana Dlamini Zuma Local Municipality";"KZN";"DC43";"Harry Gwala";"LOCAL";"0,5";"2";"Capacity monitoring priority 3";"";"";"";"";"0,5";"2";"0,5";"2";"";"";"";""
"ETH";"Ethekwini Metropolitan Municipality";"KZN";"ETH";"eThekwini";"METRO";"0,5";"2";"Capacity monitoring priority 3";"";"";"";"";"0,5";"2";"0,5";"2";"";"";"";""
"DC33";"Mopani";"LP";"DC33";"Mopani";"DISTRICT";"";"0,666667";"Standard support priority 4";"0,25";"0";"0,25";"0";"0,5";"2";"0,5";"2";"0,25";"0";"0,25";"0"
"DC34";"Vhembe";"LP";"DC34";"Vhembe";"DISTRICT";"";"0,666667";"Standard support priority 4";"0,25";"0";"0,25";"0";"0,5";"2";"0,5";"2";"0,25";"0";"0,25";"0"
"DC35";"Capricorn";"LP";"DC35";"Capricorn";"DISTRICT";"";"0,666667";"Standard support priority 4";"0,25";"0";"0,25";"0";"0,5";"2";"0,5";"2";"0,25";"0";"0,25";"0"
"DC36";"Waterberg";"LP";"DC36";"Waterberg";"DISTRICT";"";"0,666667";"Standard support priority 4";"0,25";"0";"0,25";"0";"0,5";"2";"0,5";"2";"0,25";"0";"0,25";"0"
"DC47";"Sekhukhune";"LP";"DC47";"Sekhukhune";"DISTRICT";"";"0,666667";"Standard support priority 4";"0,25";"0";"0,25";"0";"0,5";"2";"0,5";"2";"0,25";"0";"0,25";"0"
"LIM331";"Greater Giyani Local Municipality";"LP";"DC33";"Mopani";"LOCAL";"0,5";"2";"Capacity monitoring priority 3";"";"";"";"";"0,5";"2";"0,5";"2";"";"";"";""
"LIM332";"Greater Letaba Local Municipality";"LP";"DC33";"Mopani";"LOCAL";"0,5";"2";"Capacity monitoring priority 3";"";"";"";"";"0,5";"2";"0,5";"2";"";"";"";""
"LIM333";"Greater Tzaneen Local Municipality";"LP";"DC33";"Mopani";"LOCAL";"0,5";"2";"Capacity monitoring priority 3";"";"";"";"";"0,5";"2";"0,5";"2";"";"";"";""
"LIM334";"Ba-Phalaborwa Local Municipality";"LP";"DC33";"Mopani";"LOCAL";"0,5";"2";"Capacity monitoring priority 3";"";"";"";"";"0,5";"2";"0,5";"2";"";"";"";""
"LIM335";"Maruleng Local Municipality";"LP";"DC33";"Mopani";"LOCAL";"0,5";"2";"Capacity monitoring priority 3";"";"";"";"";"0,5";"2";"0,5";"2";"";"";"";""
"LIM341";"Musina Local Municipality";"LP";"DC34";"Vhembe";"LOCAL";"0,5";"2";"Capacity monitoring priority 3";"";"";"";"";"0,5";"2";"0,5";"2";"";"";"";""
"LIM343";"Thulamela Local Municipality";"LP";"DC34";"Vhembe";"LOCAL";"0,5";"2";"Capacity monitoring priority 3";"";"";"";"";"0,5";"2";"0,5";"2";"";"";"";""
"LIM344";"Makhado Local Municipality";"LP";"DC34";"Vhembe";"LOCAL";"0,5";"2";"Capacity monitoring priority 3";"";"";"";"";"0,5";"2";"0,5";"2";"";"";"";""
"LIM345";"Collins Chabane Local Municipality";"LP";"DC34";"Vhembe";"LOCAL";"0,5";"2";"Capacity monitoring priority 3";"";"";"";"";"0,5";"2";"0,5";"2";"";"";"";""
"LIM351";"Blouberg Local Municipality";"LP";"DC35";"Capricorn";"LOCAL";"0,5";"2";"Capacity monitoring priority 3";"";"";"";"";"0,5";"2";"0,5";"2";"";"";"";""
"LIM353";"Molemole Local Municipality";"LP";"DC35";"Capricorn";"LOCAL";"0,5";"2";"Capacity monitoring priority 3";"";"";"";"";"0,5";"2";"0,5";"2";"";"";"";""
"LIM354";"Polokwane Local Municipality";"LP";"DC35";"Capricorn";"LOCAL";"0,5";"2";"Capacity monitoring priority 3";"";"";"";"";"0,5";"2";"0,5";"2";"";"";"";""
"LIM355";"Lepele-Nkumpi Local Municipality";"LP";"DC35";"Capricorn";"LOCAL";"0,5";"2";"Capacity monitoring priority 3";"";"";"";"";"0,5";"2";"0,5";"2";"";"";"";""
"LIM361";"Thabazimbi Local Municipality";"LP";"DC36";"Waterberg";"LOCAL";"0,5";"2";"Capacity monitoring priority 3";"";"";"";"";"0,5";"2";"0,5";"2";"";"";"";""
"LIM362";"Lephalale Local Municipality";"LP";"DC36";"Waterberg";"LOCAL";"0,5";"2";"Capacity monitoring priority 3";"";"";"";"";"0,5";"2";"0,5";"2";"";"";"";""
"LIM366";"Bela-Bela Local Municipality";"LP";"DC36";"Waterberg";"LOCAL";"0,5";"2";"Capacity monitoring priority 3";"";"";"";"";"0,5";"2";"0,5";"2";"";"";"";""
"LIM367";"Mogalakwena Local Municipality";"LP";"DC36";"Waterberg";"LOCAL";"0,5";"2";"Capacity monitoring priority 3";"";"";"";"";"0,5";"2";"0,5";"2";"";"";"";""
"LIM368";"Modimolle-Mookgophong Local Municipality";"LP";"DC36";"Waterberg";"LOCAL";"0,5";"2";"Capacity monitoring priority 3";"";"";"";"";"0,5";"2";"0,5";"2";"";"";"";""
"LIM471";"Ephraim Mogale Local Municipality";"LP";"DC47";"Sekhukhune";"LOCAL";"0,5";"2";"Capacity monitoring priority 3";"";"";"";"";"0,5";"2";"0,5";"2";"";"";"";""
"LIM472";"Elias Motsoaledi Local Municipality";"LP";"DC47";"Sekhukhune";"LOCAL";"0,5";"2";"Capacity monitoring priority 3";"";"";"";"";"0,5";"2";"0,5";"2";"";"";"";""
"LIM473";"Makhuduthamaga Local Municipality";"LP";"DC47";"Sekhukhune";"LOCAL";"0,5";"2";"Capacity monitoring priority 3";"";"";"";"";"0,5";"2";"0,5";"2";"";"";"";""
"LIM476";"Fetakgomo Tubatse Local Municipality";"LP";"DC47";"Sekhukhune";"LOCAL";"0,5";"2";"Capacity monitoring priority 3";"";"";"";"";"0,5";"2";"0,5";"2";"";"";"";""
"DC30";"Gert Sibande";"MP";"DC30";"Gert Sibande";"DISTRICT";"";"0,666667";"Standard support priority 4";"0,25";"0";"0,25";"0";"0,5";"2";"0,5";"2";"0,25";"0";"0,25";"0"
"DC31";"Nkangala";"MP";"DC31";"Nkangala";"DISTRICT";"";"0,666667";"Standard support priority 4";"0,25";"0";"0,25";"0";"0,5";"2";"0,5";"2";"0,25";"0";"0,25";"0"
"DC32";"Ehlanzeni";"MP";"DC32";"Ehlanzeni";"DISTRICT";"";"0,666667";"Standard support priority 4";"0,25";"0";"0,25";"0";"0,5";"2";"0,5";"2";"0,25";"0";"0,25";"0"
"MP301";"Chief Albert Luthuli Local Municipality";"MP";"DC30";"Gert Sibande";"LOCAL";"0,5";"2";"Capacity monitoring priority 3";"";"";"";"";"0,5";"2";"0,5";"2";"";"";"";""
"MP302";"Msukaligwa Local Municipality";"MP";"DC30";"Gert Sibande";"LOCAL";"0,5";"2";"Capacity monitoring priority 3";"";"";"";"";"0,5";"2";"0,5";"2";"";"";"";""
"MP303";"Mkhondo Local Municipality";"MP";"DC30";"Gert Sibande";"LOCAL";"0,5";"2";"Capacity monitoring priority 3";"";"";"";"";"0,5";"2";"0,5";"2";"";"";"";""
"MP304";"Dr Pixley Ka Isaka Seme Local Municipality";"MP";"DC30";"Gert Sibande";"LOCAL";"0,5";"2";"Capacity monitoring priority 3";"";"";"";"";"0,5";"2";"0,5";"2";"";"";"";""
"MP305";"Lekwa Local Municipality";"MP";"DC30";"Gert Sibande";"LOCAL";"0,5";"2";"Capacity monitoring priority 3";"";"";"";"";"0,5";"2";"0,5";"2";"";"";"";""
"MP306";"Dipaleseng Local Municipality";"MP";"DC30";"Gert Sibande";"LOCAL";"0,5";"2";"Capacity monitoring priority 3";"";"";"";"";"0,5";"2";"0,5";"2";"";"";"";""
"MP307";"Govan Mbeki Local Municipality";"MP";"DC30";"Gert Sibande";"LOCAL";"0,5";"2";"Capacity monitoring priority 3";"";"";"";"";"0,5";"2";"0,5";"2";"";"";"";""
"MP311";"Victor Khanye Local Municipality";"MP";"DC31";"Nkangala";"LOCAL";"0,5";"2";"Capacity monitoring priority 3";"";"";"";"";"0,5";"2";"0,5";"2";"";"";"";""
"MP312";"Emalahleni Local Municipality";"MP";"DC31";"Nkangala";"LOCAL";"0,5";"2";"Capacity monitoring priority 3";"";"";"";"";"0,5";"2";"0,5";"2";"";"";"";""
"MP313";"Steve Tshwete Local Municipality";"MP";"DC31";"Nkangala";"LOCAL";"0,5";"2";"Capacity monitoring priority 3";"";"";"";"";"0,5";"2";"0,5";"2";"";"";"";""
"MP314";"Emakhazeni Local Municipality";"MP";"DC31";"Nkangala";"LOCAL";"0,5";"2";"Capacity monitoring priority 3";"";"";"";"";"0,5";"2";"0,5";"2";"";"";"";""
"MP315";"Thembisile Local Municipality";"MP";"DC31";"Nkangala";"LOCAL";"0,5";"2";"Capacity monitoring priority 3";"";"";"";"";"0,5";"2";"0,5";"2";"";"";"";""
"MP316";"Dr JS Moroka Local Municipality";"MP";"DC31";"Nkangala";"LOCAL";"0,5";"2";"Capacity monitoring priority 3";"";"";"";"";"0,5";"2";"0,5";"2";"";"";"";""
"MP321";"Thaba Chweu Local Municipality";"MP";"DC32";"Ehlanzeni";"LOCAL";"0,5";"2";"Capacity monitoring priority 3";"";"";"";"";"0,5";"2";"0,5";"2";"";"";"";""
"MP324";"Nkomazi Local Municipality";"MP";"DC32";"Ehlanzeni";"LOCAL";"0,5";"2";"Capacity monitoring priority 3";"";"";"";"";"0,5";"2";"0,5";"2";"";"";"";""
"MP325";"Bushbuckridge Local Municipality";"MP";"DC32";"Ehlanzeni";"LOCAL";"0,5";"2";"Capacity monitoring priority 3";"";"";"";"";"0,5";"2";"0,5";"2";"";"";"";""
"MP326";"City of Mbombela Local Municipality";"MP";"DC32";"Ehlanzeni";"LOCAL";"0,5";"2";"Capacity monitoring priority 3";"";"";"";"";"0,5";"2";"0,5";"2";"";"";"";""
"DC45";"John Taolo Gaetsewe";"NC";"DC45";"John Taolo Gaetsewe";"DISTRICT";"";"0,666667";"Standard support priority 4";"0,25";"0";"0,25";"0";"0,5";"2";"0,5";"2";"0,25";"0";"0,25";"0"
"DC6";"Namakwa";"NC";"DC6";"Namakwa";"DISTRICT";"";"0,666667";"Standard support priority 4";"0,25";"0";"0,25";"0";"0,5";"2";"0,5";"2";"0,25";"0";"0,25";"0"
"DC7";"Pixley ka Seme";"NC";"DC7";"Pixley ka Seme";"DISTRICT";"";"0,666667";"Standard support priority 4";"0,25";"0";"0,25";"0";"0,5";"2";"0,5";"2";"0,25";"0";"0,25";"0"
"DC8";"Z F Mgcawu";"NC";"DC8";"Z F Mgcawu";"DISTRICT";"";"0,666667";"Standard support priority 4";"0,25";"0";"0,25";"0";"0,5";"2";"0,5";"2";"0,25";"0";"0,25";"0"
"DC9";"Frances Baard";"NC";"DC9";"Frances Baard";"DISTRICT";"";"0,666667";"Standard support priority 4";"0,25";"0";"0,25";"0";"0,5";"2";"0,5";"2";"0,25";"0";"0,25";"0"
"NC061";"Richtersveld Local Municipality";"NC";"DC6";"Namakwa";"LOCAL";"0,5";"2";"Capacity monitoring priority 3";"";"";"";"";"0,5";"2";"0,5";"2";"";"";"";""
"NC062";"Nama Khoi Local Municipality";"NC";"DC6";"Namakwa";"LOCAL";"0,5";"2";"Capacity monitoring priority 3";"";"";"";"";"0,5";"2";"0,5";"2";"";"";"";""
"NC064";"Kamiesberg Local Municipality";"NC";"DC6";"Namakwa";"LOCAL";"0,5";"2";"Capacity monitoring priority 3";"";"";"";"";"0,5";"2";"0,5";"2";"";"";"";""
"NC065";"Hantam Local Municipality";"NC";"DC6";"Namakwa";"LOCAL";"0,5";"2";"Capacity monitoring priority 3";"";"";"";"";"0,5";"2";"0,5";"2";"";"";"";""
"NC066";"Karoo Hoogland Local Municipality";"NC";"DC6";"Namakwa";"LOCAL";"0,5";"2";"Capacity monitoring priority 3";"";"";"";"";"0,5";"2";"0,5";"2";"";"";"";""
"NC067";"Khâi-Ma Local Municipality";"NC";"DC6";"Namakwa";"LOCAL";"0,5";"2";"Capacity monitoring priority 3";"";"";"";"";"0,5";"2";"0,5";"2";"";"";"";""
"NC071";"Ubuntu Local Municipality";"NC";"DC7";"Pixley ka Seme";"LOCAL";"0,5";"2";"Capacity monitoring priority 3";"";"";"";"";"0,5";"2";"0,5";"2";"";"";"";""
"NC072";"Umsobomvu Local Municipality";"NC";"DC7";"Pixley ka Seme";"LOCAL";"0,5";"2";"Capacity monitoring priority 3";"";"";"";"";"0,5";"2";"0,5";"2";"";"";"";""
"NC073";"Emthanjeni Local Municipality";"NC";"DC7";"Pixley ka Seme";"LOCAL";"0,5";"2";"Capacity monitoring priority 3";"";"";"";"";"0,5";"2";"0,5";"2";"";"";"";""
"NC074";"Kareeberg Local Municipality";"NC";"DC7";"Pixley ka Seme";"LOCAL";"0,5";"2";"Capacity monitoring priority 3";"";"";"";"";"0,5";"2";"0,5";"2";"";"";"";""
"NC075";"Renosterberg Local Municipality";"NC";"DC7";"Pixley ka Seme";"LOCAL";"0,5";"2";"Capacity monitoring priority 3";"";"";"";"";"0,5";"2";"0,5";"2";"";"";"";""
"NC076";"Thembelihle Local Municipality";"NC";"DC7";"Pixley ka Seme";"LOCAL";"0,5";"2";"Capacity monitoring priority 3";"";"";"";"";"0,5";"2";"0,5";"2";"";"";"";""
"NC077";"Siyathemba Local Municipality";"NC";"DC7";"Pixley ka Seme";"LOCAL";"0,5";"2";"Capacity monitoring priority 3";"";"";"";"";"0,5";"2";"0,5";"2";"";"";"";""
"NC078";"Siyancuma Local Municipality";"NC";"DC7";"Pixley ka Seme";"LOCAL";"0,5";"2";"Capacity monitoring priority 3";"";"";"";"";"0,5";"2";"0,5";"2";"";"";"";""
"NC082";"Kai !Garib Local Municipality";"NC";"DC8";"Z F Mgcawu";"LOCAL";"0,5";"2";"Capacity monitoring priority 3";"";"";"";"";"0,5";"2";"0,5";"2";"";"";"";""
"NC084";"!Kheis Local Municipality";"NC";"DC8";"Z F Mgcawu";"LOCAL";"0,5";"2";"Capacity monitoring priority 3";"";"";"";"";"0,5";"2";"0,5";"2";"";"";"";""
"NC085";"Tsantsabane Local Municipality";"NC";"DC8";"Z F Mgcawu";"LOCAL";"0,5";"2";"Capacity monitoring priority 3";"";"";"";"";"0,5";"2";"0,5";"2";"";"";"";""
"NC086";"Kgatelopele Local Municipality";"NC";"DC8";"Z F Mgcawu";"LOCAL";"0,5";"2";"Capacity monitoring priority 3";"";"";"";"";"0,5";"2";"0,5";"2";"";"";"";""
"NC087";"Dawid Kruiper Local Municipality";"NC";"DC8";"Z F Mgcawu";"LOCAL";"0,5";"2";"Capacity monitoring priority 3";"";"";"";"";"0,5";"2";"0,5";"2";"";"";"";""
"NC091";"Sol Plaatje Local Municipality";"NC";"DC9";"Frances Baard";"LOCAL";"0,5";"2";"Capacity monitoring priority 3";"";"";"";"";"0,5";"2";"0,5";"2";"";"";"";""
"NC092";"Dikgatlong Local Municipality";"NC";"DC9";"Frances Baard";"LOCAL";"0,5";"2";"Capacity monitoring priority 3";"";"";"";"";"0,5";"2";"0,5";"2";"";"";"";""
"NC093";"Magareng Local Municipality";"NC";"DC9";"Frances Baard";"LOCAL";"0,5";"2";"Capacity monitoring priority 3";"";"";"";"";"0,5";"2";"0,5";"2";"";"";"";""
"NC094";"Phokwane Local Municipality";"NC";"DC9";"Frances Baard";"LOCAL";"0,5";"2";"Capacity monitoring priority 3";"";"";"";"";"0,5";"2";"0,5";"2";"";"";"";""
"NC451";"Joe Morolong Local Municipality";"NC";"DC45";"John Taolo Gaetsewe";"LOCAL";"0,5";"2";"Capacity monitoring priority 3";"";"";"";"";"0,5";"2";"0,5";"2";"";"";"";""
"NC452";"Ga-Segonyana Local Municipality";"NC";"DC45";"John Taolo Gaetsewe";"LOCAL";"0,5";"2";"Capacity monitoring priority 3";"";"";"";"";"0,5";"2";"0,5";"2";"";"";"";""
"NC453";"Gamagara Local Municipality";"NC";"DC45";"John Taolo Gaetsewe";"LOCAL";"0,5";"2";"Capacity monitoring priority 3";"";"";"";"";"0,5";"2";"0,5";"2";"";"";"";""
"DC37";"Bojanala";"NW";"DC37";"Bojanala";"DISTRICT";"";"0,666667";"Standard support priority 4";"0,25";"0";"0,25";"0";"0,5";"2";"0,5";"2";"0,25";"0";"0,25";"0"
"DC38";"Ngaka Modiri Molema";"NW";"DC38";"Ngaka Modiri Molema";"DISTRICT";"";"0,666667";"Standard support priority 4";"0,25";"0";"0,25";"0";"0,5";"2";"0,5";"2";"0,25";"0";"0,25";"0"
"DC39";"Dr Ruth Segomotsi Mompati";"NW";"DC39";"Dr Ruth Segomotsi Mompati";"DISTRICT";"";"0,666667";"Standard support priority 4";"0,25";"0";"0,25";"0";"0,5";"2";"0,5";"2";"0,25";"0";"0,25";"0"
"DC40";"Dr Kenneth Kaunda";"NW";"DC40";"Dr Kenneth Kaunda";"DISTRICT";"";"0,666667";"Standard support priority 4";"0,25";"0";"0,25";"0";"0,5";"2";"0,5";"2";"0,25";"0";"0,25";"0"
"NW371";"Moretele Local Municipality";"NW";"DC37";"Bojanala";"LOCAL";"0,5";"2";"Capacity monitoring priority 3";"";"";"";"";"0,5";"2";"0,5";"2";"";"";"";""
"NW372";"Local Municipality of Madibeng";"NW";"DC37";"Bojanala";"LOCAL";"0,5";"2";"Capacity monitoring priority 3";"";"";"";"";"0,5";"2";"0,5";"2";"";"";"";""
"NW373";"Rustenburg Local Municipality";"NW";"DC37";"Bojanala";"LOCAL";"0,5";"2";"Capacity monitoring priority 3";"";"";"";"";"0,5";"2";"0,5";"2";"";"";"";""
"NW374";"Kgetlengrivier Local Municipality";"NW";"DC37";"Bojanala";"LOCAL";"0,5";"2";"Capacity monitoring priority 3";"";"";"";"";"0,5";"2";"0,5";"2";"";"";"";""
"NW375";"Moses Kotane Local Municipality";"NW";"DC37";"Bojanala";"LOCAL";"0,5";"2";"Capacity monitoring priority 3";"";"";"";"";"0,5";"2";"0,5";"2";"";"";"";""
"NW381";"Ratlou Local Municipality";"NW";"DC38";"Ngaka Modiri Molema";"LOCAL";"0,5";"2";"Capacity monitoring priority 3";"";"";"";"";"0,5";"2";"0,5";"2";"";"";"";""
"NW382";"Tswaing Local Municipality";"NW";"DC38";"Ngaka Modiri Molema";"LOCAL";"0,5";"2";"Capacity monitoring priority 3";"";"";"";"";"0,5";"2";"0,5";"2";"";"";"";""
"NW383";"Mafikeng Local Municipality";"NW";"DC38";"Ngaka Modiri Molema";"LOCAL";"0,5";"2";"Capacity monitoring priority 3";"";"";"";"";"0,5";"2";"0,5";"2";"";"";"";""
"NW384";"Ditsobotla Local Municipality";"NW";"DC38";"Ngaka Modiri Molema";"LOCAL";"0,5";"2";"Capacity monitoring priority 3";"";"";"";"";"0,5";"2";"0,5";"2";"";"";"";""
"NW385";"Ramotshere Moiloa Local Municipality";"NW";"DC38";"Ngaka Modiri Molema";"LOCAL";"0,5";"2";"Capacity monitoring priority 3";"";"";"";"";"0,5";"2";"0,5";"2";"";"";"";""
"NW392";"Naledi Local Municipality";"NW";"DC39";"Dr Ruth Segomotsi Mompati";"LOCAL";"0,5";"2";"Capacity monitoring priority 3";"";"";"";"";"0,5";"2";"0,5";"2";"";"";"";""
"NW393";"Mamusa Local Municipality";"NW";"DC39";"Dr Ruth Segomotsi Mompati";"LOCAL";"0,5";"2";"Capacity monitoring priority 3";"";"";"";"";"0,5";"2";"0,5";"2";"";"";"";""
"NW394";"Greater Taung Local Municipality";"NW";"DC39";"Dr Ruth Segomotsi Mompati";"LOCAL";"0,5";"2";"Capacity monitoring priority 3";"";"";"";"";"0,5";"2";"0,5";"2";"";"";"";""
"NW396";"Lekwa-Teemane Local Municipality";"NW";"DC39";"Dr Ruth Segomotsi Mompati";"LOCAL";"0,5";"2";"Capacity monitoring priority 3";"";"";"";"";"0,5";"2";"0,5";"2";"";"";"";""
"NW397";"Kagisano/Molopo Local Municipality";"NW";"DC39";"Dr Ruth Segomotsi Mompati";"LOCAL";"0,5";"2";"Capacity monitoring priority 3";"";"";"";"";"0,5";"2";"0,5";"2";"";"";"";""
"NW403";"City of Matlosana Local Municipality";"NW";"DC40";"Dr Kenneth Kaunda";"LOCAL";"0,5";"2";"Capacity monitoring priority 3";"";"";"";"";"0,5";"2";"0,5";"2";"";"";"";""
"NW404";"Maquassi Hills Local Municipality";"NW";"DC40";"Dr Kenneth Kaunda";"LOCAL";"0,5";"2";"Capacity monitoring priority 3";"";"";"";"";"0,5";"2";"0,5";"2";"";"";"";""
"NW405";"JB Marks Local Municipality";"NW";"DC40";"Dr Kenneth Kaunda";"LOCAL";"0,5";"2";"Capacity monitoring priority 3";"";"";"";"";"0,5";"2";"0,5";"2";"";"";"";""
"DC1";"West Coast";"WC";"DC1";"West Coast";"DISTRICT";"";"0,666667";"Standard support priority 4";"0,25";"0";"0,25";"0";"0,5";"2";"0,5";"2";"0,25";"0";"0,25";"0"
"DC2";"Cape Winelands";"WC";"DC2";"Cape Winelands";"DISTRICT";"";"0,666667";"Standard support priority 4";"0,25";"0";"0,25";"0";"0,5";"2";"0,5";"2";"0,25";"0";"0,25";"0"
"DC3";"Overberg";"WC";"DC3";"Overberg";"DISTRICT";"";"0,666667";"Standard support priority 4";"0,25";"0";"0,25";"0";"0,5";"2";"0,5";"2";"0,25";"0";"0,25";"0"
"DC4";"Garden Route";"WC";"DC4";"Garden Route";"DISTRICT";"";"0,666667";"Standard support priority 4";"0,25";"0";"0,25";"0";"0,5";"2";"0,5";"2";"0,25";"0";"0,25";"0"
"DC5";"Central Karoo";"WC";"DC5";"Central Karoo";"DISTRICT";"";"0,666667";"Standard support priority 4";"0,25";"0";"0,25";"0";"0,5";"2";"0,5";"2";"0,25";"0";"0,25";"0"
"WC011";"Matzikama Local Municipality";"WC";"DC1";"West Coast";"LOCAL";"0,5";"2";"Capacity monitoring priority 3";"";"";"";"";"0,5";"2";"0,5";"2";"";"";"";""
"WC012";"Cederberg Local Municipality";"WC";"DC1";"West Coast";"LOCAL";"0,5";"2";"Capacity monitoring priority 3";"";"";"";"";"0,5";"2";"0,5";"2";"";"";"";""
"WC013";"Bergrivier Local Municipality";"WC";"DC1";"West Coast";"LOCAL";"0,5";"2";"Capacity monitoring priority 3";"";"";"";"";"0,5";"2";"0,5";"2";"";"";"";""
"WC014";"Saldanha Bay Local Municipality";"WC";"DC1";"West Coast";"LOCAL";"0,5";"2";"Capacity monitoring priority 3";"";"";"";"";"0,5";"2";"0,5";"2";"";"";"";""
"WC015";"Swartland Local Municipality";"WC";"DC1";"West Coast";"LOCAL";"0,5";"2";"Capacity monitoring priority 3";"";"";"";"";"0,5";"2";"0,5";"2";"";"";"";""
"WC022";"Witzenberg Local Municipality";"WC";"DC2";"Cape Winelands";"LOCAL";"0,5";"2";"Capacity monitoring priority 3";"";"";"";"";"0,5";"2";"0,5";"2";"";"";"";""
"WC023";"Drakenstein Local Municipality";"WC";"DC2";"Cape Winelands";"LOCAL";"0,5";"2";"Capacity monitoring priority 3";"";"";"";"";"0,5";"2";"0,5";"2";"";"";"";""
"WC024";"Stellenbosch Local Municipality";"WC";"DC2";"Cape Winelands";"LOCAL";"0,5";"2";"Capacity monitoring priority 3";"";"";"";"";"0,5";"2";"0,5";"2";"";"";"";""
"WC025";"Breede Valley Local Municipality";"WC";"DC2";"Cape Winelands";"LOCAL";"0,5";"2";"Capacity monitoring priority 3";"";"";"";"";"0,5";"2";"0,5";"2";"";"";"";""
"WC026";"Langeberg Local Municipality";"WC";"DC2";"Cape Winelands";"LOCAL";"0,5";"2";"Capacity monitoring priority 3";"";"";"";"";"0,5";"2";"0,5";"2";"";"";"";""
"WC031";"Theewaterskloof Local Municipality";"WC";"DC3";"Overberg";"LOCAL";"0,5";"2";"Capacity monitoring priority 3";"";"";"";"";"0,5";"2";"0,5";"2";"";"";"";""
"WC032";"Overstrand Local Municipality";"WC";"DC3";"Overberg";"LOCAL";"0,5";"2";"Capacity monitoring priority 3";"";"";"";"";"0,5";"2";"0,5";"2";"";"";"";""
"WC033";"Cape Agulhas Local Municipality";"WC";"DC3";"Overberg";"LOCAL";"0,5";"2";"Capacity monitoring priority 3";"";"";"";"";"0,5";"2";"0,5";"2";"";"";"";""
"WC034";"Swellendam Local Municipality";"WC";"DC3";"Overberg";"LOCAL";"0,5";"2";"Capacity monitoring priority 3";"";"";"";"";"0,5";"2";"0,5";"2";"";"";"";""
"WC041";"Kannaland Local Municipality";"WC";"DC4";"Garden Route";"LOCAL";"0,5";"2";"Capacity monitoring priority 3";"";"";"";"";"0,5";"2";"0,5";"2";"";"";"";""
"WC042";"Hessequa Local Municipality";"WC";"DC4";"Garden Route";"LOCAL";"0,5";"2";"Capacity monitoring priority 3";"";"";"";"";"0,5";"2";"0,5";"2";"";"";"";""
"WC043";"Mossel Bay Local Municipality";"WC";"DC4";"Garden Route";"LOCAL";"0,5";"2";"Capacity monitoring priority 3";"";"";"";"";"0,5";"2";"0,5";"2";"";"";"";""
"WC044";"George Local Municipality";"WC";"DC4";"Garden Route";"LOCAL";"0,5";"2";"Capacity monitoring priority 3";"";"";"";"";"0,5";"2";"0,5";"2";"";"";"";""
"WC045";"Oudtshoorn Local Municipality";"WC";"DC4";"Garden Route";"LOCAL";"0,5";"2";"Capacity monitoring priority 3";"";"";"";"";"0,5";"2";"0,5";"2";"";"";"";""
"WC047";"Bitou Local Municipality";"WC";"DC4";"Garden Route";"LOCAL";"0,5";"2";"Capacity monitoring priority 3";"";"";"";"";"0,5";"2";"0,5";"2";"";"";"";""
"WC048";"Knysna Local Municipality";"WC";"DC4";"Garden Route";"LOCAL";"0,5";"2";"Capacity monitoring priority 3";"";"";"";"";"0,5";"2";"0,5";"2";"";"";"";""
"WC051";"Laingsburg Local Municipality";"WC";"DC5";"Central Karoo";"LOCAL";"0,5";"2";"Capacity monitoring priority 3";"";"";"";"";"0,5";"2";"0,5";"2";"";"";"";""
"WC052";"Prince Albert Local Municipality";"WC";"DC5";"Central Karoo";"LOCAL";"0,5";"2";"Capacity monitoring priority 3";"";"";"";"";"0,5";"2";"0,5";"2";"";"";"";""
"WC053";"Beaufort West Local Municipality";"WC";"DC5";"Central Karoo";"LOCAL";"0,5";"2";"Capacity monitoring priority 3";"";"";"";"";"0,5";"2";"0,5";"2";"";"";"";""
"CPT";"City of Cape Town Metropolitan Municipality";"WC";"CPT";"City of Cape Town";"METRO";"0,5";"2";"Capacity monitoring priority 3";"";"";"";"";"0,5";"2";"0,5";"2";"";"";"";""
