MunicipalityCode,Demographics,Education,Governance,Health,Infrastructure & Services,Poverty & Inequality,Safety,Municipality,Province,MIIF_Category,Latitude,Longitude
BUF,0.245473980828648,0.3573987784995018,0.2,0.5332202165495229,0.1971339453742436,0.459660856868923,0.8612361353357958,Buffalo City Metropolitan Municipality,Eastern Cape,A,-32.948018,27.598667
CPT,0.7270209790784424,0.8946188340807175,0.6,0.7307070547473468,0.3175005564208289,0.3781293052904864,0.0644032878836867,City of Cape Town Metropolitan Municipality,Western Cape,A,-33.892316,18.593436
DC48,,,,,,0.0115995630968216,,,,,,
EC101,0.1889106056606768,0.1292995645316369,0.4,0.5077892176447143,0.0984691864273179,0.4653276439903069,1.03244233333125,Dr Beyers Naude Local Municipality,Eastern Cape,B3,-32.8452,24.089954
EC102,0.1620711630208152,0.1206292382860757,0.4,0.6163663819644223,0.1034403504312764,0.3525397427671988,1.0444470646788044,Blue Crane Route Local Municipality,Eastern Cape,B3,-32.778162,25.413087
EC104,0.1742678044589032,0.3267314578735312,0.2,0.5306780895616683,0.1110838649891474,0.431283782564613,1.0306158463238932,Makana Local Municipality,Eastern Cape,B2,-33.235222,26.408276
EC105,0.1452378962148353,0.2803016101855961,0.4,0.6636610790539237,0.1126242037148921,0.4002995865450812,1.0339005930647822,Ndlambe Local Municipality,Eastern Cape,B3,-33.523092,26.744073
EC106,0.2306881441079308,0.0208869764095972,0.2,0.5258625252500366,0.1208440344789353,0.3152009443299398,1.03182569350182,Sundays River Valley Local Municipality,Eastern Cape,B3,-33.511695,25.496699
EC108,0.2975924157980205,0.3164546350505205,0.4,0.6080803056704346,0.1617666927985928,0.447718509820799,1.0252543213566616,Kouga Local Municipality,Eastern Cape,B3,-33.904299,24.799596
EC109,0.4106157503856982,0.0544792257533783,,0.485901366845973,0.1060022622371763,0.3810373860392831,1.0419160280349256,Kou-Kamma Local Municipality,Eastern Cape,B3,-33.86761,24.060087
EC121,0.068913295013822,0.077359052736201,0.4,0.6215360741734219,0.1644420219399765,0.3452139751614891,1.0071319945946555,Mbhashe Local Municipality,Eastern Cape,B4,-32.13221,28.575231
EC122,0.1016370049488763,0.1481763554974718,0.6,0.589105437848109,0.1936339390987907,0.3125211015252635,0.9986802711078488,Mnquma Local Municipality,Eastern Cape,B4,-32.34546,28.156661
EC123,0.1528194039596909,0.1404580767569746,0.4,0.5891350560471947,0.1426523891716608,0.336717187839935,1.0439130224846689,Great Kei Local Municipality,Eastern Cape,B3,-32.659081,28.009538
EC124,0.1297694372178535,0.0862370090333032,0.2,0.7002324710397535,0.1295205088340871,0.3124136793212123,1.03125518511156,Amahlathi Local Municipality,Eastern Cape,B3,-32.502458,27.33352
EC126,0.0476840747718322,0.0644144589250114,0.4,0.6592304138757559,0.1317861377199447,0.2828785078654579,1.0407796485319158,Ngqushwa Local Municipality,Eastern Cape,B4,-33.198127,27.190385
EC129,0.0896167612840819,0.1487663420085902,0.2,0.5120770676691729,0.1456114253855713,0.2947597991979515,1.0164591734254165,Raymond Mhlaba Local Municipality,Eastern Cape,B3,-32.686488,26.563953
EC131,0.1917165318516964,0.1193414527018698,0.4,0.6837789985275069,0.1006668258258813,0.4095936526247122,1.0336118406450416,Inxuba Yethemba Local Municipality,Eastern Cape,B3,-31.862976,25.321553
EC135,0.0752481706514223,0.063353825732279,0.4,0.5864813587722644,0.17117456785874,0.3059368732304302,1.0297982391062,Intsika Yethu Local Municipality,Eastern Cape,B4,-31.96959,27.657819
EC136,,,,0.6057795683263686,,0.4728027923844179,,Emalahleni Local Municipality,Eastern Cape,B4,-31.595998,27.19629
EC137,0.0656837017773608,0.0632271760176085,,,0.220990067608307,,1.026047099528428,Dr AB Xuma Local Municipality,Eastern Cape,B4,-31.681331,28.091141
EC138,0.1095417886347255,0.1027247023524683,0.2,0.6664789052937343,0.14540231674384,0.353374172214174,1.0359529924802675,Sakhisizwe Local Municipality,Eastern Cape,B3,-31.446569,27.781295
EC139,0.1364267027124719,0.2037528518078815,0.2,0.5518050528847108,0.1643274728610976,0.382062735713685,0.9948671524228244,Enoch Mgijima Local Municipality,Eastern Cape,B2,-31.82714,26.442319
EC141,0.0789198289401195,0.075216629820937,0.4,0.6674520696462952,0.1379330012630821,0.2827235912267068,1.0282143598779707,Elundini Local Municipality,Eastern Cape,B4,-30.924613,28.332924
EC142,0.0998823525626019,0.0891132271679566,0.6,0.6367956433600119,0.1349118925074074,0.2798162305469897,1.0255250604425536,Senqu Local Municipality,Eastern Cape,B4,-30.865504,27.561052
EC145,0.1527598225818794,0.1546005757097008,0.2,0.6615290778761227,0.099521999087667,0.4031378443429881,1.0342662075750106,Walter Sisulu Local Municipality,Eastern Cape,B3,-30.990732,26.297977
EC153,0.0463704210755374,0.1172356231816706,0.2,0.0526315789473684,0.2157736861136845,0.0081151521050297,0.993505937177687,Ngquza Hill Local Municipality,Eastern Cape,B4,-31.240527,29.619361
EC154,0.0152636161580288,0.0662284096770656,0.2,0.5781452023319734,0.1573569810014629,0.2341228026707846,1.039686986958352,Port St Johns Local Municipality,Eastern Cape,B4,-31.536133,29.42128
EC155,0.0520176158680156,0.0925033540464578,0.2,0.5844790646045567,0.1514142253242246,0.2482359473420027,1.0117091602397044,Nyandeni Local Municipality,Eastern Cape,B4,-31.593569,29.067915
EC156,0.0716369132789078,0.07134759737302,0.2,0.6113350066425873,0.1606785799476965,0.3027659693645232,1.0181485587826624,Mhlontlo Local Municipality,Eastern Cape,B4,-31.200925,28.779867
EC157,0.1392082727228543,0.252639572052721,0.4,0.4862942543671684,0.1471123175741482,0.4002795406853081,0.9551339997356296,King Sabata Dalindyebo Local Municipality,Eastern Cape,B2,-31.763159,28.672457
EC441,0.0933566046933946,0.1166857622607549,0.4,0.5900737391926908,0.1438941728577187,0.2984438651452911,1.0237862544322596,Matatiele Local Municipality,Eastern Cape,B3,-30.3468,28.799577
EC442,0.0710369077939689,0.1375106394554169,0.4,0.6569803501342246,0.1711204597409222,0.3116136933291165,1.022834700115248,Umzimvubu Local Municipality,Eastern Cape,B4,-30.776692,29.02465
EC443,0.0450048931626801,,,0.9482107066716956,,0.2206191121306007,,Mbizana Local Municipality,Eastern Cape,B4,-30.949138,29.8461
EC444,0.014099762768048,0.0678732657471488,0.4,0.5276467195785436,0.1340558230108283,0.3072823877160517,1.038090656177311,Ntabankulu Local Municipality,Eastern Cape,B4,-30.979143,29.301335
EKU,0.6524932062703813,0.56364286115662,0.4,0.2611038951261185,0.3707623247649472,0.4159094164439395,0.4693725982118792,Ekurhuleni Metropolitan Municipality,Gauteng,A,-26.198938,28.312575
ETH,0.6336932769323336,0.5303580593539519,0.4,0.3833630447127051,0.4441052558818793,0.6935459080186862,0.2493887715474165,Ethekwini Metropolitan Municipality,KwaZulu-Natal,A,-29.834218,30.83614
FS161,0.2074846518283362,0.061391980797287,0.2,0.6454793310557835,0.1729654754406632,0.3367540390244143,1.0429307616425103,Letsemeng Local Municipality,Free State,B3,-29.358126,25.014804
FS162,0.2104235587762394,0.113773679887502,0.2,0.6860948197864318,0.1461451343308903,0.3660151120474189,1.041729644385711,Kopanong Local Municipality,Free State,B3,-29.975795,25.641109
FS163,0.2139830476981055,0.1379846864244667,0.2,0.652730637663371,0.1771749407385224,0.324530134402079,1.0447201942396254,Mohokare Local Municipality,Free State,B3,-30.208459,26.708434
FS181,0.2003065216257262,0.0800645859682507,0.2,0.5150518352816619,0.1567849929850929,0.3099258569867996,1.0371575779834077,Masilonyana Local Municipality,Free State,B3,-28.631554,26.617459
FS182,0.2877905744032398,0.0610463496404767,0.2,0.7525831921063231,0.2321483594386736,0.3205634817988269,1.0436345152073854,Tokologo Local Municipality,Free State,B3,-28.472525,25.355299
FS183,0.1975725637026845,0.1025204286191289,0.4,0.664897562642467,0.1366341534448043,0.325378750355027,1.0369494918939195,Tswelopele Local Municipality,Free State,B3,-28.066752,25.931714
FS184,0.2805892368968725,0.1944597233461653,0.2,0.5559543799957186,0.1863830263721214,0.3947941237276814,0.9539591200199165,Matjhabeng Local Municipality,Free State,B1,-28.044206,26.916301
FS185,0.1828851461168953,0.0671231725983264,0.2,0.5620951093515362,0.2047497397683688,0.313341727605648,1.0273539036326562,Nala Local Municipality,Free State,B3,-27.620085,26.443501
FS191,0.1990475720219229,0.1347006499795997,0.4,0.6434701663908552,0.2146216947220985,0.3099402624530011,1.0326102235611605,Setsoto Local Municipality,Free State,B3,-28.597454,27.611829
FS192,0.2695271427954205,0.2297730824042365,0.0,0.593304613902029,0.1642167561251457,0.3851261164634205,1.0306994092983337,Dihlabeng Local Municipality,Free State,B2,-28.362458,28.293888
FS193,0.1888297091078249,0.1006729330055729,0.2,0.5625361881210945,0.2278716977330022,0.3181548395648736,1.041328755700896,Nketoana Local Municipality,Free State,B3,-27.850105,28.245932
FS194,0.1432908311200424,0.1744307845550619,0.0,0.5485206120603239,0.2324372204220796,0.3032436243499753,0.986895472803309,Maluti a Phofung Local Municipality,Free State,B3,-28.332208,29.025155
FS195,0.1810838490132939,0.1069843061785303,0.4,0.5916488094035053,0.1788493162272196,0.2985168837684374,1.041936457977238,Phumelela Local Municipality,Free State,B3,-27.676713,29.22851
FS196,0.2217836302364207,0.1342807071530879,0.2,0.6421049071198457,0.1521234616973997,0.3529682606805794,1.0409249744869078,Mantsopa Local Municipality,Free State,B3,-29.135212,27.217598
FS201,0.2527683959911076,0.1894102525349509,0.0,0.6035930359857035,0.1445304079099629,0.3596051601833087,1.0247878219372994,Moqhaka Local Municipality,Free State,B2,-27.500953,27.193724
FS203,0.1812107961265447,0.1514685628916724,0.2,0.5648924678570104,0.203040905876736,0.3290632698117175,1.0295907693171178,Ngwathe Local Municipality,Free State,B3,-27.295757,27.731911
FS204,0.2477027886383516,0.1853271412144941,0.2,0.6023168191614104,0.1682413033046423,0.4499446109355,1.0150970602611435,Metsimaholo Local Municipality,Free State,B2,-26.929133,28.043759
FS205,0.1605384298072836,0.0869013511833571,0.0,0.5580948296120802,0.194179986749594,0.3012896167907644,1.0420010311367975,Mafube Local Municipality,Free State,B3,-27.270073,28.607312
GT421,0.2497137588934297,0.2968772236524111,0.2,0.4496254345433765,0.2770249518373217,0.2689378623144126,0.9478032728164804,Emfuleni Local Municipality,Gauteng,B1,-26.628393,27.780976
GT422,0.3050811417895435,0.3398452343051599,0.6,0.756017644316663,0.1173618735850039,0.3182722642777454,1.0144607556358762,Midvaal Local Municipality,Gauteng,B2,-26.623096,28.129184
GT423,0.2084726744909976,0.2164435489409672,0.4,0.6629731285343777,0.0973906299341224,0.2809123391926484,1.030928128089094,Lesedi Local Municipality,Gauteng,B3,-26.461472,28.506672
GT481,0.3308144495673293,0.2827728826666625,0.2,0.5523846188097064,0.1323399616819797,0.3040423408926958,0.9742242321710964,Mogale City Local Municipality,Gauteng,B1,-25.98722,27.683413
GT484,0.3456882619081809,0.104247679369779,0.2,0.5574153839810325,0.1241809838256757,0.2521517626494275,1.0038263428674192,Merafong City Local Municipality,Gauteng,B2,-26.416855,27.399419
GT485,0.2987875006360241,0.2071013068447815,0.4,0.637580400964372,0.1585067089752268,0.2887257598915962,0.9850832508288272,Rand West City Local Municipality,Gauteng,B2,-26.305378,27.630358
JHB,0.8098378998898625,0.6697022671680293,0.4,0.3909328707215433,0.4078369686261665,0.3820027206987593,0.1246291551784364,City of Johannesburg Metropolitan Municipality,Gauteng,A,-26.17694,27.963623
KZN212,0.1147143776167771,0.1130643535468794,0.4,0.576314042640527,0.1594035865190348,0.3078831628826668,1.0267902108471696,Umdoni Local Municipality,KwaZulu-Natal,B2,-30.269123,30.56462
KZN213,0.0813201546165445,0.0634788412570827,0.2,0.6084877750897654,0.1564644628138083,0.2327704972827244,1.0389546157510618,Umzumbe Local Municipality,KwaZulu-Natal,B4,-30.485871,30.341597
KZN214,0.0813107252201825,0.0947145448438261,0.4,0.5681266723917929,0.1445577555684772,0.2310216380200106,1.0418793078001864,UMuziwabantu Local Municipality,KwaZulu-Natal,B3,-30.631048,29.876026
KZN216,0.1874351675032632,0.2341639746991647,0.4,0.4846926800745582,0.1432921843268469,0.3532891808557998,0.9321969948716587,Ray Nkonyeni Local Municipality,KwaZulu-Natal,B2,-30.777445,30.256268
KZN221,0.182702064441749,0.0838101931119967,0.4,0.5722687445615614,0.1339856137027186,0.2518861245758267,1.0356003132341252,uMshwathi Local Municipality,KwaZulu-Natal,B4,-29.382878,30.577195
KZN222,0.2671401462474899,0.4150561884307975,0.4,0.5808162831662211,0.1113498735668719,0.4345110003623814,1.0354803444173122,uMngeni Local Municipality,KwaZulu-Natal,B2,-29.437803,30.090249
KZN223,0.2786855067650499,0.0815329495327286,0.2,0.6374802523154349,0.1032262457198855,0.3626919922135189,1.0457463489727024,Mpofana Local Municipality,KwaZulu-Natal,B3,-29.190933,30.025195
KZN224,0.0391811834791482,0.0860139860857307,0.4,0.5990599307404262,0.1374165639674442,0.2052803953845068,1.0460578553171536,Impendle Local Municipality,KwaZulu-Natal,B4,-29.554931,29.731274
KZN225,,,0.2,0.2667177811707832,0.136697420565174,0.4709704588932812,,The Msunduzi Local Municipality,KwaZulu-Natal,B1,-29.670138,30.265493
KZN226,0.1584230632981771,0.0982567393184001,0.4,0.7848742451632116,0.1290437629194109,0.2477146113733222,1.0448876658236388,Mkhambathini Local Municipality,KwaZulu-Natal,B3,-29.843575,30.545311
KZN227,0.2149943431561866,0.0527567456646261,0.4,0.7296846663893958,0.1324315571931675,0.2611257831829449,1.0395763819331154,Richmond Local Municipality,KwaZulu-Natal,B4,-29.892452,30.284545
KZN235,0.072458876346223,0.0726558103305598,0.6,0.5832518809609725,0.129246554313785,0.2716684417090572,1.0346868835475114,Okhahlamba Local Municipality,KwaZulu-Natal,B4,-28.755388,29.316131
KZN237,0.0869790217234064,0.0985132191890062,0.2,0.5948514912824836,0.1789169618584823,0.2859378725184906,1.0121678242674588,Inkosi Langalibalele Local Municipality,KwaZulu-Natal,B3,-28.988421,29.823239
KZN238,0.1189526291676859,0.1648346457807723,0.4,0.3162988349250306,0.1713682362633068,0.2702648388791462,0.9889268793719695,Alfred Duma Local Municipality,KwaZulu-Natal,B2,-28.465499,29.859036
KZN241,0.1205304504059917,0.2438061785743609,0.2,0.5867070060263312,0.1147520813431683,0.3542949171141399,1.0374115531003345,Endumeni Local Municipality,KwaZulu-Natal,B3,-28.170872,30.298724
KZN242,0.0219768038732325,0.055095271363896,0.4,0.037593984962406,0.1618066368779132,0.0060149888070596,1.0385488345609282,Nqutu Local Municipality,KwaZulu-Natal,B4,-28.305786,30.738403
KZN244,0.0158401931034659,0.0202504154872774,0.4,0.5916369894884415,0.1575097822864276,0.1685665284404088,1.0310244845473997,Msinga Local Municipality,KwaZulu-Natal,B4,-28.605909,30.448439
KZN245,0.1220633101942346,0.1004130528475311,0.4,0.5673920879919455,0.1577583789807356,0.2431641892487374,1.0195085167016469,Umvoti Local Municipality,KwaZulu-Natal,B3,-29.025108,30.674408
KZN252,0.1359414720943025,0.2714738740820213,0.4,0.6056168728376271,0.1311300265740206,0.341596986052038,1.0043224692172898,Newcastle Local Municipality,KwaZulu-Natal,B1,-27.739276,29.876256
KZN253,0.166245785325417,0.1177015431706208,0.4,0.5510659803814583,0.1380918643327478,0.3459357102648219,1.0465008650632592,Emadlangeni Local Municipality,KwaZulu-Natal,B3,-27.617907,30.321232
KZN254,0.0763660829305886,0.0727154582606949,0.4,0.6459927058838725,0.1213589283848793,0.2187125068182806,1.0387939471066718,Dannhauser Local Municipality,KwaZulu-Natal,B4,-28.021394,30.00229
KZN261,0.0865389768502686,0.0487014155719035,0.4,0.5406942204846562,0.1446403216442202,0.2706521826754638,1.0425169627715225,eDumbe Local Municipality,KwaZulu-Natal,B3,-27.469618,30.810623
KZN262,0.1132646625285837,0.0750556621190655,0.4,0.569684223095557,0.1432938875619671,0.2853250024047386,1.0339918135837276,UPhongolo Local Municipality,KwaZulu-Natal,B4,-27.483609,31.598159
KZN263,0.1154557871412253,0.1338426123611059,0.4,0.5141879473943405,0.1357410480519497,0.3265760713438799,1.0160762252377171,Abaqulusi Local Municipality,KwaZulu-Natal,B3,-27.82574,31.053009
KZN265,0.0359452140159817,0.0556010531276444,0.4,0.5542747894977688,0.1978795037217836,0.2737586287776695,1.0319259092694102,Nongoma Local Municipality,KwaZulu-Natal,B4,-27.91178,31.74556
KZN266,0.052553369858056,0.1211096021684219,0.4,0.6072254724522465,0.1720167148541053,0.3129080950699503,1.026942542703875,Ulundi Local Municipality,KwaZulu-Natal,B4,-28.239572,31.309425
KZN271,0.0416582758672583,0.0528751804607289,0.4,0.5972031396817479,0.1518548113769119,0.2406807846033382,1.0400159946661418,Umhlabuyalingana Local Municipality,KwaZulu-Natal,B4,-27.243473,32.563817
KZN272,0.0585703355472329,0.0575997113038715,0.2,0.5822177952359536,0.1879187509398258,0.3266714886936043,1.0280229613587188,Jozini Local Municipality,KwaZulu-Natal,B4,-27.36761,32.145555
KZN275,0.075377767712637,0.0906420117882689,0.2,0.795881672281282,0.1597742722701578,0.2924061183306156,1.0256426505720415,Mtubatuba Local Municipality,KwaZulu-Natal,B3,-28.287746,32.294952
KZN276,0.0439196777249335,0.0630923553536045,0.4,0.3129089508370882,0.2199032710270566,0.3377226432362294,1.0382530701330113,Big Five Hlabisa Local Municipality,KwaZulu-Natal,B3,-28.03429,32.196397
KZN281,0.0840536360064627,0.0848356472533606,0.4,0.0526315789473684,0.1569330594459173,0.0028236490066941,1.033851608402863,Mfolozi Local Municipality,KwaZulu-Natal,B4,-28.549435,32.081942
KZN282,,0.3036958552225615,0.6,0.0296650717703349,0.1725513612626307,0.0014102023380808,0.9614114625718204,uMhlathuze Local Municipality,KwaZulu-Natal,B1,-28.731234,31.879316
KZN284,0.1026732920050133,0.0961754666154356,0.6,0.6093047138615737,0.1673302098061232,0.3069737127577606,1.0015720968085104,uMlalazi Local Municipality,KwaZulu-Natal,B4,-28.90486,31.444902
KZN285,0.0952325501579162,0.0304716758548198,0.4,0.515638383504145,0.175351698128527,0.2525332872634946,1.0410603363993536,Mthonjaneni Local Municipality,KwaZulu-Natal,B3,-28.566646,31.469906
KZN286,0.0579784537724346,0.0373958702277955,0.4,0.526191681637631,0.1473189795710272,0.3019503011085246,1.038107240684282,Nkandla Local Municipality,KwaZulu-Natal,B4,-28.658743,30.992847
KZN291,0.1524763713626656,0.1134222411276901,0.4,0.500057006322792,0.1393781960365211,0.2386654941164084,1.0249779314434904,Mandeni Local Municipality,KwaZulu-Natal,B4,-29.126103,31.467046
KZN292,0.1984052340669942,0.2135916238081442,0.4,0.5804796552329561,0.1381046915284171,0.3575440807723065,0.9951081508117094,KwaDukuza Local Municipality,KwaZulu-Natal,B2,-29.357794,31.251142
KZN293,0.0474359882639083,0.0432071373323039,0.4,0.5736692204372013,0.1879134972455863,0.1708076096889112,1.030231873007803,Ndwedwe Local Municipality,KwaZulu-Natal,B4,-29.425041,30.96856
KZN294,0.0185961358304372,0.0603648484968223,0.4,0.5993682722567766,0.1493317286471894,0.2214899741199445,1.0474624993285258,Maphumulo Local Municipality,KwaZulu-Natal,B4,-29.111126,31.061677
KZN433,0.2167300097508621,0.2129856031829973,0.4,0.5676378924200655,0.1309936876702921,0.3478984507714157,1.0360176444229434,Greater Kokstad Local Municipality,KwaZulu-Natal,B2,-30.300931,29.333989
KZN434,0.0811384842751605,0.0702322627889867,0.4,0.5653197901468014,0.1424752014192514,0.2456997276492334,1.0358964769353411,Ubuhlebezwe Local Municipality,KwaZulu-Natal,B4,-30.192625,30.164659
KZN435,0.0465166582706093,0.0951982210751398,0.4,0.6220856924753922,0.1777634279451073,0.188887568970214,1.0309752571763255,Umzimkhulu Local Municipality,KwaZulu-Natal,B4,-30.291686,29.737726
KZN436,0.0810981936505828,0.0608551054568369,0.4,0.7313810758897819,0.1731112432934168,0.1956183441448766,,Dr Nkosazana Dlamini Zuma Local Municipality,KwaZulu-Natal,B3,-29.829953,29.599264
LIM331,0.0680721466360629,0.1194295670469702,0.4,0.5422390900622962,0.1484285113071944,0.2610316576084068,1.0296891554378862,Greater Giyani Local Municipality,Limpopo,B4,-23.363837,30.90019
LIM332,0.1284810217515749,0.09897651201622,0.4,0.5436049185198202,0.1540466121722316,0.2538661130251827,1.0200582807227754,Greater Letaba Local Municipality,Limpopo,B4,-23.511513,30.275132
LIM333,0.1742927660650125,0.1597489150078515,0.4,0.5353089030841042,0.171115827259478,0.3292546739577405,1.006267230826938,Greater Tzaneen Local Municipality,Limpopo,B4,-23.835959,30.253368
LIM334,0.183924989713424,0.1786570633657926,0.2,0.5326832222673136,0.1356761839933437,0.4484211310440676,1.022505226888663,Ba-Phalaborwa Local Municipality,Limpopo,B3,-23.776941,31.191549
LIM335,0.1184664218736486,0.1459661576719732,0.4,0.681975928509261,0.1493690497029353,0.3366412918161846,1.044024968013902,Maruleng Local Municipality,Limpopo,B4,-24.291507,30.785641
LIM341,0.1862321060458714,0.1090629956889924,0.4,0.6721459088807394,0.1382766805957568,0.3338873554593404,1.029393999307014,Musina Local Municipality,Limpopo,B3,-22.452444,30.050771
LIM343,0.1170269023885314,0.2927554633751962,0.4,0.472786634093356,0.1604196883662833,0.2878323726494689,1.001161255152978,Thulamela Local Municipality,Limpopo,B4,-22.785681,30.555385
LIM344,0.1410812987197472,0.194760414281641,0.4,0.5348086047536685,0.1682173332204204,0.3266315821731888,0.9888514746938172,Makhado Local Municipality,Limpopo,B4,-22.999575,29.748677
LIM345,0.1169486555685573,0.1375554477690494,0.4,0.5391187576927015,0.1794704840232469,0.3087896126668611,1.0183128112162927,Collins Chabane Local Municipality,Limpopo,B4,-22.988609,30.973361
LIM351,0.0907231346737519,0.076109714583097,0.2,0.6218710885274602,0.1325167135974362,0.295356318756194,1.037608925824646,Blouberg Local Municipality,Limpopo,B4,-22.967547,28.75026
LIM353,0.1411128197269265,0.1551635541187842,0.4,0.6305937462334494,0.130048730354352,0.320450222347801,1.0371936582449666,Molemole Local Municipality,Limpopo,B4,-23.498365,29.536029
LIM354,0.2425812976478836,0.3902427007920295,0.4,0.6054048640090764,0.2217432358881105,0.4594546860846493,0.9376929350704276,Polokwane Local Municipality,Limpopo,B1,-23.891129,29.38212
LIM355,0.0961973483938166,0.2041638945285945,0.4,0.5874554541446496,0.1323456480643386,0.3681849016300557,1.0214194578982874,Lepele-Nkumpi Local Municipality,Limpopo,B4,-24.266025,29.706098
LIM361,0.5073015612775595,0.1647319556345737,0.2,0.6347498707287156,0.1148313005932863,0.5469878596430947,1.0368864116336776,Thabazimbi Local Municipality,Limpopo,B3,-24.54369,27.186483
LIM362,0.23602647490558,0.2061161102013225,0.4,0.5578914865581891,0.1382671876512106,0.4616239837854613,1.03731302143341,Lephalale Local Municipality,Limpopo,B3,-23.676188,27.797662
LIM366,0.2934421247132881,0.1916957989712547,0.2,0.6137362691259276,0.104480058930912,0.4121867076354835,1.0347642772522745,Bela-Bela Local Municipality,Limpopo,B3,-24.954036,28.272026
LIM367,0.1269388375200652,0.1561128425544096,0.2,0.4734925607592637,0.152189714752187,0.3567844475761234,1.0128338991462484,Mogalakwena Local Municipality,Limpopo,B2,-23.846777,28.693646
LIM368,0.2526051661284296,0.1907576860492918,0.2,0.5909976449324978,0.1230529853759212,0.3943504976522181,1.030417623113013,Modimolle-Mookgophong Local Municipality,Limpopo,B3,-24.503767,28.554279
LIM471,0.1190068200825447,0.0678724486522154,0.4,0.6620811972844546,0.1332644622145324,0.3148749953411242,1.0388634002231114,Ephraim Mogale Local Municipality,Limpopo,B4,-24.901848,29.336692
LIM472,0.1015725645660931,0.1048466099559302,,0.5406994343158349,0.1537601055436929,0.3277849515470634,1.002984025651627,Elias Motsoaledi Local Municipality,Limpopo,B4,-25.195959,29.561622
LIM473,0.0504763486892805,0.1105295931559014,0.4,0.5530106061826374,0.1464918218188877,0.2730246845868753,1.0208533810079277,Makhuduthamaga Local Municipality,Limpopo,B4,-24.721565,29.773772
LIM476,0.1121260080718337,0.1083600302309003,0.4,0.4354977514450641,0.1784927753728253,0.4500455344267746,1.0125547183556114,Fetakgomo Tubatse Local Municipality,Limpopo,B4,-24.600341,30.220513
MAN,0.3159187741567888,0.2968896999225819,0.2,0.4455138148711738,0.2223656090780107,0.4612311462272384,0.861106778968584,Mangaung Metropolitan Municipality,Free State,A,-29.331493,26.50053
MP301,0.1107122520420924,0.0779318362844848,0.2,0.5727449063269464,0.1405818822056453,0.3177437723420072,1.0242762059148656,Chief Albert Luthuli Local Municipality,Mpumalanga,B4,-26.055478,30.486
MP302,0.1927419961741995,0.1122929719605556,0.2,0.4234410088983569,0.1245601407825622,0.3748142084541529,1.0252941877338482,Msukaligwa Local Municipality,Mpumalanga,B2,-26.467355,30.128679
MP303,0.1168409167995339,0.0404665129873538,0.4,0.4976083961760997,0.153949222891455,0.285808179491604,1.0259981819212831,Mkhondo Local Municipality,Mpumalanga,B3,-26.99155,30.704135
MP304,0.0865654612773664,0.0954450277142479,0.4,0.5395326585526004,0.11424513767812,0.3472379186949398,1.0386141503254862,Dr Pixley Ka Isaka Seme Local Municipality,Mpumalanga,B3,-27.128497,29.955869
MP305,0.2911145085566892,0.1625420532747069,0.2,0.5057896224859378,0.123922918094793,0.3935562011568603,1.0306447001299712,Lekwa Local Municipality,Mpumalanga,B3,-26.880899,29.347797
MP306,0.2765033233752968,0.0680734979750555,0.2,0.6441193837282596,0.1084430512286696,0.3276852689515749,1.0441780046471658,Dipaleseng Local Municipality,Mpumalanga,B3,-26.778446,28.637785
MP307,0.3076791931206731,0.1404488688665373,0.2,0.5624513041609072,0.1255624732137544,0.4628835570414653,1.004146199294799,Govan Mbeki Local Municipality,Mpumalanga,B1,-26.466971,29.196018
MP311,0.1592407108418075,0.0333078563377385,0.2,0.665910585426509,0.1082543262769128,0.3348669498463636,1.0297976886321636,Victor Khanye Local Municipality,Mpumalanga,B3,-26.132618,28.768849
MP312,0.1812104641614401,0.1140043113446222,0.2,0.6057795683263686,0.1781048034887112,0.3690156939838855,0.9808287553787272,Emalahleni Local Municipality,Mpumalanga,B1,-26.01795,29.162096
MP313,0.3245428724279197,0.2044972692614045,0.2,0.6182741573181516,0.1087382623760377,0.4671563730895262,1.032806824081221,Steve Tshwete Local Municipality,Mpumalanga,B1,-25.836944,29.551938
MP314,0.261542676110045,0.086629258570549,0.2,0.6178369317681014,0.0937430026623323,0.366129286313551,1.0431257921578565,Emakhazeni Local Municipality,Mpumalanga,B2,-25.596921,30.106822
MP315,0.126885616461566,0.0782365247561591,,0.1645591250854408,0.1772854388072949,0.0001427505434253,1.006998117397321,Thembisile Local Municipality,Mpumalanga,B4,-25.470336,28.951928
MP316,0.1094686765118945,0.1016279850749659,0.2,0.6364435834593154,0.1551822907040854,0.2121545186001208,1.0246290602009087,Dr JS Moroka Local Municipality,Mpumalanga,B4,-25.103883,28.801472
MP321,0.3032388788780473,0.1321210373057552,0.2,0.6460575756703709,0.1181785437305699,0.3702755393468903,1.0379693180080307,Thaba Chweu Local Municipality,Mpumalanga,B3,-25.064391,30.571077
MP324,0.1452930707830489,0.1169625375969928,0.4,0.6207072412362212,0.2185768180704596,0.2085461931844721,1.020395775515485,Nkomazi Local Municipality,Mpumalanga,B4,-25.5024,31.730322
MP325,0.1141066599069606,0.0951840666458682,0.4,0.4898215457613117,0.2086383450879884,0.172590019873652,0.9878276841634362,Bushbuckridge Local Municipality,Mpumalanga,B4,-24.556741,31.524555
MP326,0.2770756971270697,0.1894382792575753,0.4,0.8023618105487859,0.2305778431271573,0.3896406271535056,,City of Mbombela Local Municipality,Mpumalanga,B1,-25.432682,31.096359
NC061,0.1080838032529064,0.0812747475337876,0.2,0.5511589711461837,0.099921138565594,0.3081008929633624,1.0469768508732114,Richtersveld Local Municipality,Northern Cape,B3,-28.768234,17.059551
NC062,0.1630839814872647,0.0872306404415003,0.2,0.5259706225467738,0.0982056957408506,0.360840975106426,1.0373141814403517,Nama Khoi Local Municipality,Northern Cape,B3,-29.456405,17.914941
NC064,0.1024122761621133,0.0337540341405859,0.2,0.5892929974944663,0.1254896807928033,0.2873937934643056,1.048061746881368,Kamiesberg Local Municipality,Northern Cape,B3,-30.3755,18.13016
NC065,0.2526342169489391,0.1217585074532102,0.4,0.3995278939542155,0.1102179444987245,0.3741600547364462,1.044697843389604,Hantam Local Municipality,Northern Cape,B3,-30.973264,19.960767
NC066,0.2860294819636606,0.1190922827164298,0.4,0.7474288692276555,0.096159370952556,0.3849840160391898,1.047890988635808,Karoo Hoogland Local Municipality,Northern Cape,B3,-31.728661,21.045364
NC067,0.4350983907676735,0.0493273542600896,0.2,0.1606837406015037,0.1704712470425307,0.0020709643231785,,Kh√¢i-Ma Local Municipality,Northern Cape,B3,-29.537786,19.261354
NC071,0.3114769344236354,0.1192025905324331,0.2,0.5574350323841669,0.1163719728029288,0.3293872558816527,1.0443597601134753,Ubuntu Local Municipality,Northern Cape,B3,-31.373535,23.133706
NC072,0.1651208041035709,0.1039266929686716,0.2,0.5362255156506891,0.1011707739971,0.3093501111787343,1.040330082080818,Umsobomvu Local Municipality,Northern Cape,B3,-30.848179,25.047653
NC073,0.1740732367765817,0.1021927735508524,0.2,0.4980083652896859,0.0886464058304076,0.3375806972088787,1.0376782212755733,Emthanjeni Local Municipality,Northern Cape,B3,-30.678603,23.858389
NC074,0.2238073083334056,0.062862795646565,0.0,0.6128092244857098,0.100036030283209,0.337392066851772,1.0451999917847794,Kareeberg Local Municipality,Northern Cape,B3,-30.5456,22.134828
NC075,0.1910847833733382,0.1145761110812934,0.2,0.7533771569464812,0.1112757844945201,0.3193060145952461,1.0465873856244117,Renosterberg Local Municipality,Northern Cape,B3,-30.255706,24.450635
NC076,0.1554635875116438,0.1172080178308727,0.2,0.5052791976215124,0.1367577664311684,0.302850425433906,1.049376996805112,Thembelihle Local Municipality,Northern Cape,B3,-29.70843,23.765003
NC077,0.1510650537427926,0.0880747434768929,0.2,0.5517506776715354,0.1187189599048731,0.30127692827568,1.0425583913499217,Siyathemba Local Municipality,Northern Cape,B3,-29.634216,22.5525
NC078,0.148981209309212,0.0729418375264691,0.2,0.5284719470043979,0.1288110811588408,0.2795432157444605,1.041332054924872,Siyancuma Local Municipality,Northern Cape,B3,-28.985229,23.360294
NC082,0.2888465110256424,0.0259277229919492,0.0,0.5479977713215423,0.1431897160193791,0.2989823762892966,1.0325804463706851,Kai !Garib Local Municipality,Northern Cape,B3,-28.975571,20.416961
NC084,0.1953818661392035,0.0067983617532386,0.2,0.5332730541062184,0.167847014936161,0.312101262695184,1.0471461253876084,!Kheis Local Municipality,Northern Cape,B3,-29.231833,21.605682
NC085,0.2779194180943308,0.0611917925386144,0.2,0.5002772988502001,0.112236144956636,0.409629577769376,1.0397497204715642,Tsantsabane Local Municipality,Northern Cape,B3,-28.038564,22.553378
NC086,0.1520736781959219,0.0608461613818041,0.2,0.7001300812850274,0.1010034985177211,0.3912865731295323,1.0468277632432117,Kgatelopele Local Municipality,Northern Cape,B3,-28.217464,23.632333
NC087,0.1911942510106816,0.1140449114361427,0.4,0.502976666399492,0.1486514210824272,0.3656928555642023,1.0216394550271728,Dawid Kruiper Local Municipality,Northern Cape,B2,-27.072219,20.831248
NC091,0.2178948298861092,0.2262953065216956,0.2,0.7831577191659095,0.1295909284425975,0.0167410152785997,0.9669476887701588,Sol Plaatje Local Municipality,Northern Cape,B1,-28.747375,24.496038
NC092,0.1025305125204249,0.016320961983526,0.2,0.5331360498063674,0.1250890097438014,0.2268852638940623,1.0411687122085536,Dikgatlong Local Municipality,Northern Cape,B3,-28.193338,24.192269
NC093,0.1116414929825333,0.065514312674545,0.2,0.6610077275596561,0.1194748826168725,0.2629684355071797,1.0459868787964672,Magareng Local Municipality,Northern Cape,B3,-28.167755,24.780465
NC094,0.1771519953287908,0.1351844141493816,0.0,0.5549400997262239,0.1252176580574573,0.2924878626644288,1.0328943039976428,Phokwane Local Municipality,Northern Cape,B3,-27.795177,24.808909
NC451,0.0639809685173186,0.0010042096730966,0.2,0.735498488655787,0.1646709771737742,0.3018326190857861,1.0446521960676465,Joe Morolong Local Municipality,Northern Cape,B4,-26.838253,22.937721
NC452,0.1075809292991686,0.0952252291771746,0.2,0.5159517911114532,0.1206355249519284,0.3127084020975367,1.0228192749137746,Ga-Segonyana Local Municipality,Northern Cape,B3,-27.622587,23.560537
NC453,0.4836277714706628,0.2214501094438205,0.4,0.5914184452442744,0.1120898512945502,0.4675671480306377,1.0423360888808326,Gamagara Local Municipality,Northern Cape,B3,-27.643424,22.996074
NMA,0.3440302883854635,0.3145518041558723,0.4,0.6317841726188569,0.2015913684103563,0.5034818867084846,0.7791531835689872,Nelson Mandela Bay Metropolitan Municipality,Eastern Cape,A,-33.804029,25.492346
NW371,0.1074145286904345,0.0492063362714845,0.4,0.7451603576064872,0.2006093022607088,0.2135032463876205,1.0357822519964734,Moretele Local Municipality,North West,B4,-25.176895,28.039084
NW372,,,,0.062200956937799,0.0996150958996209,,0.9436933419214678,Local Municipality of Madibeng,North West,B1,-25.441079,27.733651
NW373,0.4425221700976779,0.1537920730975032,0.2,0.4586533686101148,0.2487014662882851,0.4678324537532999,0.932019727416212,Rustenburg Local Municipality,North West,B1,-25.660908,27.33145
NW374,0.2250076726001617,0.07297370422887,0.2,0.4961580471928014,0.1500349325830567,0.3862833560799378,1.04425453124261,Kgetlengrivier Local Municipality,North West,B3,-25.723459,26.864342
NW375,0.2006104753321065,0.0716057554027269,0.2,0.6639917250991512,0.1851790142144546,0.3776744654571202,1.0174076947760304,Moses Kotane Local Municipality,North West,B4,-25.133628,26.866124
NW381,0.0383464105454019,0.0033983417970689,0.2,0.6016290460415147,0.1508269025801816,0.2542756817629896,1.0353203898812842,Ratlou Local Municipality,North West,B4,-26.082016,25.063606
NW382,0.1493796685908572,0.0540477556593314,0.2,0.6921264466084839,0.1700808430319918,0.3988567765360292,1.0343984863225189,Tswaing Local Municipality,North West,B3,-26.616333,25.660834
NW383,0.167336778081713,0.2736410296914564,0.2,0.0921394395078605,0.1617126704992656,0.0108403897522412,0.9972768454441804,Mafikeng Local Municipality,North West,B2,-25.886095,25.672832
NW384,0.2155964972505983,0.09674257446842,0.0,0.5169120851253843,0.1981849914372798,0.4118348065884475,1.0238145454549803,Ditsobotla Local Municipality,North West,B3,-26.115314,26.239306
NW385,0.1275722208479306,0.0871897417255983,0.2,0.5428129004595121,0.1416309501209348,0.3748247480670501,1.0340530835149009,Ramotshere Moiloa Local Municipality,North West,B3,-25.219009,26.123477
NW392,0.3058259169564134,0.1390861303946329,0.2,0.5255296643481947,0.1577356289400266,0.4425298081820457,1.0378319746519258,Naledi Local Municipality,North West,B3,-26.863443,24.795151
NW393,0.1215779617127467,0.0459984215631221,0.0,0.5581201358070361,0.1686146810499292,0.3759950087412119,1.0414379220835928,Mamusa Local Municipality,North West,B3,-27.22399,25.276126
NW394,0.0659425509900441,0.0602079223003835,0.2,0.6232792926748694,0.148660039273003,0.3011035587618451,1.0284235055971211,Greater Taung Local Municipality,North West,B4,-27.502887,24.439148
NW396,0.1645506444584524,0.0594750321143957,0.2,0.5997864116604874,0.1261442423469732,0.3783330338028576,1.0412605650563065,Lekwa-Teemane Local Municipality,North West,B3,-27.639227,25.329238
NW397,0.1221685974520235,0.0375772653030009,0.2,0.444624196426699,0.1535592864968321,0.3479964853232462,1.0339062325334694,Kagisano/Molopo Local Municipality,North West,B4,-26.118051,23.765026
NW403,0.2707588435483902,0.1770217925887393,,0.554587108202672,0.1486260723419287,0.4551204574029943,0.9682842531562164,City of Matlosana Local Municipality,North West,B1,-26.811403,26.488112
NW404,0.1395826164274169,0.0213453666672109,0.2,0.5939103054162272,0.167579633852722,0.3623166951893855,1.032890754198565,Maquassi Hills Local Municipality,North West,B3,-27.238358,26.033886
NW405,,0.2044066156930358,0.2,0.8064208996931307,0.1566057761880048,0.0195458948908668,,JB Marks Local Municipality,North West,B1,-26.488692,27.004517
TSH,0.6313765721997591,0.9214809802430696,0.2,0.4090342343475041,0.3692749410229853,0.3875496672475858,0.510886061620974,City of Tshwane Metropolitan Municipality,Gauteng,A,-25.659851,28.443433
WC011,0.3273313825045879,0.096294850414174,0.4,0.5598188369886026,0.1051177906862007,0.2429637208931171,1.0316668217524094,Matzikama Local Municipality,Western Cape,B3,-31.25584,18.499074
WC012,0.3695586014832289,0.0845382686668525,0.4,0.5234677140437314,0.1217090939723886,0.2068267884095765,1.0371938770826232,Cederberg Local Municipality,Western Cape,B3,-32.256742,18.924253
WC013,0.3323160287023847,0.1807963498090255,0.6,0.3887521427445607,0.1017656479839369,0.2384576793341829,1.039684494336147,Bergrivier Local Municipality,Western Cape,B3,-32.787493,18.672795
WC014,0.2567910866383829,0.2086474703048647,0.6,0.4348894244543537,0.1107022050575202,0.2671537237760794,1.024543791247248,Saldanha Bay Local Municipality,Western Cape,B2,-33.010183,18.176134
WC015,0.2392214191647571,0.2009323280363987,0.6,0.4477229544963148,0.1124282347740472,0.2519904123601671,1.0227965380939588,Swartland Local Municipality,Western Cape,B3,-33.309786,18.620277
WC022,0.5025048903026889,0.134322335025455,0.6,0.5400113237666477,0.1179876938389594,0.233100836508288,1.024840878891947,Witzenberg Local Municipality,Western Cape,B3,-32.949787,19.688902
WC023,0.3309506106519881,0.3497328121552536,0.6,0.532769371797887,0.1165842452741546,0.3041122792678269,0.99153794224615,Drakenstein Local Municipality,Western Cape,B1,-33.596754,19.003173
WC024,0.3398788462564579,0.5231818003542924,0.6,0.5291916800061872,0.1100464525822662,0.3138149890674392,1.0084886784984752,Stellenbosch Local Municipality,Western Cape,B1,-33.926781,18.945104
WC025,0.3182020763520213,0.1971588517264504,0.6,0.5326582169701379,0.1175228416839035,0.2437891602416795,1.0021550903423553,Breede Valley Local Municipality,Western Cape,B2,-33.571874,19.699593
WC026,0.4482855906756432,0.156850899125402,0.6,0.5663936137066765,0.1079358605356663,0.2301558048703112,1.0224539254405631,Langeberg Local Municipality,Western Cape,B3,-33.785919,20.054997
WC031,0.3378549657524083,0.1173394821766752,0.4,0.531411135899035,0.1215092233154253,0.2068793221037119,1.0166529473270596,Theewaterskloof Local Municipality,Western Cape,B3,-34.16125,19.436141
WC032,0.2006223427757471,0.4141728208693696,0.6,0.4892913824480144,0.0990064206960192,0.2671851986408068,1.0277270555778577,Overstrand Local Municipality,Western Cape,B2,-34.476352,19.376341
WC033,0.3102990698652653,0.2766393906942868,0.6,0.5330760523915639,0.088470326768253,0.2526630992585634,1.039117269591819,Cape Agulhas Local Municipality,Western Cape,B3,-34.497952,20.057668
WC034,0.2779620182583742,0.1998448626185677,0.4,0.5191825740170635,0.1080198934514611,0.2263641144641519,1.0405120145077544,Swellendam Local Municipality,Western Cape,B3,-34.036894,20.508876
WC041,0.2391247917843288,0.0814814725519271,0.0,0.5054277452010876,0.1072327852918205,0.1963123469424526,1.0439772469284765,Kannaland Local Municipality,Western Cape,B3,-33.603482,21.318929
WC042,0.2685383694912819,0.235449616783209,0.6,0.5511640342413977,0.096810183611511,0.2476381401348395,1.0408514899366357,Hessequa Local Municipality,Western Cape,B3,-34.134505,21.227498
WC043,0.1964913710091043,0.3637137901265794,0.6,0.5183906597349113,0.1002550807195482,0.2825616986822688,1.024604818323974,Mossel Bay Local Municipality,Western Cape,B2,-34.041423,21.942689
WC044,0.2230242089789233,0.2788182750969132,0.6,0.4530570780446314,0.1244394522409946,0.2742718710507952,0.990367134710186,George Local Municipality,Western Cape,B1,-33.695282,22.930032
WC045,0.158186145037814,0.1702016330877045,0.6,0.5403048191628952,0.1124401068291215,0.2405446856544654,1.023329651255989,Oudtshoorn Local Municipality,Western Cape,B2,-33.592872,22.220978
WC047,0.211273610471083,0.271587977908567,0.6,0.6666931092743159,0.103739770294189,0.2512414228452981,1.039102472810393,Bitou Local Municipality,Western Cape,B3,-33.937356,23.407081
WC048,0.2020560954854097,0.2783903811672383,0.2,0.4791512167303658,0.1132259788725483,0.2833312043496057,1.030753552474801,Knysna Local Municipality,Western Cape,B2,-33.946045,22.984307
WC051,0.1809459017101728,0.0808743710164423,0.2,0.4213169642857143,0.0887908118764578,0.2051008559227664,1.0474624993285258,Laingsburg Local Municipality,Western Cape,B3,-33.103613,20.96602
WC052,0.1539173916221526,0.0900399007608524,0.4,0.4428351971185372,0.0916173456846974,0.2086329699413766,1.0461318505902732,Prince Albert Local Municipality,Western Cape,B3,-33.05112,22.130118
WC053,0.1109282699351466,0.1008755725490457,0.2,0.4901233919410681,0.1222740996247689,0.1830404296998347,1.037960253627341,Beaufort West Local Municipality,Western Cape,B3,-32.27711,22.746542
