muni_code,muni_name,prov_code,dist_code,area_km2,centroid_lon,centroid_lat,Demographics,Finance,Governance,Health,Infrastructure,Poverty,Safety,Municipality_x,Province_x,MIIF_Category,Latitude,Longitude,Municipality_y,Province_y,PDI_MinMax
WC032,Overstrand Local Municipality,WC,DC3,1674.5948,19.376341,-34.476352,0.24752082069430492,0.35800668038455613,0.14427948721514017,0.34432485236419264,0.5019145860098556,0.2431577364047336,0.41916542074512786,Overstrand,WC,B4,-34.54131732513026,18.756910068241197,Overstrand,WC,0.3226242262597015
WC033,Cape Agulhas Local Municipality,WC,DC3,3469.9785,20.057668,-34.497952,0.6424741082983657,0.5714050264647573,0.6254316415621937,0.5445361344488614,0.6150827808463146,0.5247248636587972,0.3899975302438611,Cape Agulhas,WC,A,-33.779177739161625,18.09301159930355,Cape Agulhas,WC,0.5590931550747359
WC031,Theewaterskloof Local Municipality,WC,DC3,3260.5837,19.436141,-34.16125,0.33993713166909506,0.3028617849653285,0.5058782060152174,0.32680094741663634,0.26473219361206496,0.3605796265120349,0.05661129736180209,Theewaterskloof,WC,B4,-33.67683892622847,17.996700547846313,Theewaterskloof,WC,0.30820016965031133
WC043,Mossel Bay Local Municipality,WC,DC4,2001.032,21.942689,-34.041423,0.5513192975106419,0.5103531534190385,0.6934080008742667,0.49723346773979493,0.6401973981428507,0.5821986816949859,0.7021266670285214,Mossel Bay,WC,A,-34.16672617358236,18.194180838891896,Mossel Bay,WC,0.5966909523443
WC042,Hessequa Local Municipality,WC,DC4,5732.63,21.227498,-34.134505,0.1998161839262392,0.25589939381966914,0.03626433830827365,0.43815276820738336,0.3137930031277533,0.16161025505843776,0.18519065996573086,Hessequa,WC,C1,-34.20983296706431,18.635568146699963,Hessequa,WC,0.22724665748764106
WC048,Knysna Local Municipality,WC,DC4,1108.7678,22.984307,-33.946045,0.3628725783451701,0.5518115355547256,0.2828348199450102,0.3273703258035946,0.7395313061850245,0.33636379625579266,0.6288578252186444,Knysna,WC,B2,-34.86841902031009,18.244758011902025,Knysna,WC,0.46137745532970886
WC024,Stellenbosch Local Municipality,WC,DC2,835.5932,18.945104,-33.926781,0.49606706955617846,0.5050863831903536,0.5608653100696832,0.4960808597846873,0.7186241169956985,0.5228648424960791,0.5284701599637528,Stellenbosch,WC,A,-33.675950318031894,17.557201341307593,Stellenbosch,WC,0.5468655345794905
CPT,City of Cape Town Metropolitan Municipality,WC,CPT,2440.5605,18.593436,-33.892316,0.2157609131340359,0.24110850289503158,0.4716370260866355,0.3916168562812394,0.49669050007278565,0.3586087883530293,0.2661543822244438,City of Cape Town,WC,B4,-34.47817383013267,18.253110539923934,City of Cape Town,WC,0.3487967098638859
WC047,Bitou Local Municipality,WC,DC4,991.8539,23.407081,-33.937356,0.6565653605135428,0.5703092852265123,0.42923326666498196,0.2979944390958352,0.7667565023837621,0.3690546526261885,0.44870599964641367,Bitou,WC,B1,-32.6253360236965,18.19736536727533,Bitou,WC,0.5055170723081766
WC034,Swellendam Local Municipality,WC,DC3,3835.0875,20.508876,-34.036894,0.2525196272854096,0.06096302548496627,0.4075888144523335,0.07547891025615173,0.3649894502304798,0.09749218302390358,0.09213392744772336,Swellendam,WC,C1,-33.17441057548947,18.179673789215126,Swellendam,WC,0.19302370545442396
EC108,Kouga Local Municipality,EC,DC10,2670.4757,24.799596,-33.904299,0.5654813804915991,0.3164203690991209,0.04386470447261238,0.3174691332408388,0.3132199002930472,0.30657609991438406,0.24270069488191037,Kouga,EC,C1,-34.4178268764129,24.762658527647822,Kouga,EC,0.3008188974847875
EC109,Kou-Kamma Local Municipality,EC,DC10,3641.816,24.060087,-33.86761,0.24433372930527708,0.26321676461747373,0.2382473064180643,0.1620330905118577,0.24976285449644764,0.2535653307804981,0.1810927424852322,Kou-Kamma,EC,C1,-34.143153954536665,25.573108724590842,Kou-Kamma,EC,0.22746454551640727
NMA,Nelson Mandela Bay Metropolitan Municipality,EC,NMA,1956.9573,25.492346,-33.804029,0.6623655534079395,0.42387756275407645,0.5737461282798624,0.24303370255887674,0.4861655860289053,0.25715802602280763,0.28085227229823084,Nelson Mandela Bay,EC,B1,-33.57803060336157,24.57491394948449,Nelson Mandela Bay,EC,0.4181712616215284
WC026,Langeberg Local Municipality,WC,DC2,4517.558,20.054997,-33.785919,0.611901678143226,0.8483984374641613,0.2988219835415849,0.5169368238125048,0.5484012899567807,0.7155026763585369,0.5728508038142168,Langeberg,WC,A,-33.78236194420587,17.688132782300467,Langeberg,WC,0.5875448132987159
WC015,Swartland Local Municipality,WC,DC1,3708.0126,18.620277,-33.309786,0.3024974840460541,0.3879028555574289,0.17321784234770488,0.2916340581138882,0.5556555070180106,0.42700635424264055,0.25623343221578954,Swartland,WC,B3,-34.18876944367782,19.03722360847062,Swartland,WC,0.3420210762202167
WC044,George Local Municipality,WC,DC4,5191.0106,22.930032,-33.695282,0.2641046769246803,0.5303034207726829,0.4214505967657416,0.4398207422102137,0.5148001712487349,0.280024399011571,0.7890011084539039,George,WC,B1,-33.21867868009833,17.879706973743783,George,WC,0.4627864450553612
WC041,Kannaland Local Municipality,WC,DC4,4765.3635,21.318929,-33.603482,0.28477042101402433,0.46598094661769335,0.3631349051649063,0.5397795942379208,0.4631336081723067,0.39360251351117836,0.2333942410767953,Kannaland,WC,B2,-33.88394616301453,18.5344567238393,Kannaland,WC,0.39197088997068935
WC045,Oudtshoorn Local Municipality,WC,DC4,3540.4084,22.220978,-33.592872,0.29532257448946453,0.3343260336056017,0.10918737061783831,0.3880370308460313,0.40733662791436825,0.3968678739626704,0.47325532663424413,Oudtshoorn,WC,B3,-35.106390165464745,19.205468497505947,Oudtshoorn,WC,0.34347611972431696
EC105,Ndlambe Local Municipality,EC,DC10,1839.8807,26.744073,-33.523092,0.3304903586662515,0.3317151676838882,0.34896918305801716,0.07859659128798739,0.37625556880669625,0.46805408235262286,0.20123507976594318,Ndlambe,EC,B3,-33.97039544320819,26.132990115393824,Ndlambe,EC,0.3050451473744866
EC106,Sundays River Valley Local Municipality,EC,DC10,5995.1629,25.496699,-33.511695,0.3607067718224371,0.10982914094471423,0.2264045464321937,0.3483813734364339,0.26415034088134615,0.5437878964105658,0.4023612930056847,Sundays River Valley,EC,C2,-33.82147571627733,25.520682581480656,Sundays River Valley,EC,0.3222316232761965
WC025,Breede Valley Local Municipality,WC,DC2,3833.9863,19.699593,-33.571874,0.3729433121694676,0.3838048631623246,0.3650390791415848,0.226700532687534,0.35202337790494437,0.10869551206991071,0.40050828224511636,Breede Valley,WC,B4,-33.63098278003587,17.882845974162798,Breede Valley,WC,0.3156735656258403
WC014,Saldanha Bay Local Municipality,WC,DC1,2015.3691,18.176134,-33.010183,0.3123521244444569,0.1423871536057245,0.39243777034400706,0.5790556980353204,0.271840043813605,0.3131535849362992,0.5284905515114566,Saldanha Bay,WC,B4,-34.787481029821066,18.657705201450405,Saldanha Bay,WC,0.3628167038129814
WC023,Drakenstein Local Municipality,WC,DC2,1536.6325,19.003173,-33.596754,0.4519395575088509,0.38671640350003456,0.25215293195510624,0.5049355469721053,0.3314061405310547,0.18673998184682444,0.3219029660468006,Drakenstein,WC,B4,-33.629434194597735,18.781463241168467,Drakenstein,WC,0.34797050405153945
EC104,Makana Local Municipality,EC,DC10,4376.379,26.408276,-33.235222,0.5245314199238056,0.46638849837864416,0.5381442629864532,0.5851612175205889,0.7944293763259452,0.7262330203956764,0.41704730016769176,Makana,EC,A,-34.10767863008984,25.2939516004701,Makana,EC,0.578847870814115
EC126,Ngqushwa Local Municipality,EC,DC12,2112.4643,27.190385,-33.198127,0.353119913944048,0.2582742556356247,0.17162345450387487,0.288195500156139,0.29830121400856685,0.4499993352666902,0.44872348850003774,Ngqushwa,EC,C1,-34.31069333961219,26.019244601868174,Ngqushwa,EC,0.32403388028785446
BUF,Buffalo City Metropolitan Municipality,EC,BUF,2752.5762,27.598667,-32.948018,0.7676286801712755,0.452687804520229,0.48324612214767104,0.5475479438485064,0.6552638584830555,0.7238167923752745,0.6520603427450441,Buffalo City,EC,A,-34.49438152716142,25.280124233625127,Buffalo City,EC,0.611750220613008
WC052,Prince Albert Local Municipality,WC,DC5,8152.9127,22.130118,-33.05112,0.6072685628622465,0.4071072841032844,0.38825737092941687,0.40158305703275965,0.5426926337287569,0.5475895143902261,0.40399155707909756,Prince Albert,WC,B1,-34.456694020960924,18.689780571238238,Prince Albert,WC,0.47121285430368404
WC051,Laingsburg Local Municipality,WC,DC5,8784.4908,20.96602,-33.103613,0.2810642084735095,0.23404522156803095,0.21440490037445292,0.15795390029186557,0.30748423370306865,0.3280798889853407,0.3523615147509094,Laingsburg,WC,B4,-34.04311147492033,18.30503807948887,Laingsburg,WC,0.26791340973531114
EC123,Great Kei Local Municipality,EC,DC12,1699.8269,28.009538,-32.659081,0.4851722200376282,0.19181878677615913,0.34551889736954566,0.48699886859005453,0.6667293863347865,0.3305406285357058,0.3991173189072207,Great Kei,EC,B3,-34.49247188320851,25.117441618883817,Great Kei,EC,0.4151280152215858
WC013,Bergrivier Local Municipality,WC,DC1,4407.0496,18.672795,-32.787493,0.20479205015950405,0.32537613850578534,0.3922317070656721,0.20486326302644298,0.34151888471137015,0.19415236864009822,0.17063772264328922,Bergrivier,WC,C1,-33.49369935612317,18.520829859910418,Bergrivier,WC,0.261938876393166
EC129,Raymond Mhlaba Local Municipality,EC,DC12,6357.3223,26.563953,-32.686488,0.28604350012739843,0.36667393481500676,0.44030019393593334,0.3476547935596596,0.44502825141034724,0.3361959451167944,0.20421648625240296,Raymond Mhlaba,EC,B3,-34.35146358904351,26.065786506437124,Raymond Mhlaba,EC,0.34658758645964893
EC102,Blue Crane Route Local Municipality,EC,DC10,11068.4635,25.413087,-32.778162,0.42816371393111236,0.5360351175871468,0.5298104078036975,0.31982415510497075,0.659230661028071,0.4547462719628516,0.28262816854380823,Blue Crane Route,EC,B1,-33.76614426882808,25.193529452344837,Blue Crane Route,EC,0.4586340708516654
EC124,Amahlathi Local Municipality,EC,DC12,4505.4802,27.33352,-32.502458,0.6914865996358577,0.5556044191400497,0.5420089474638526,0.6216512362477526,0.8243727283838435,0.6682387315011338,0.7078624184295714,Amahlathi,EC,A,-34.26261303226787,26.664234866217583,Amahlathi,EC,0.6587464401145802
WC022,Witzenberg Local Municipality,WC,DC2,10753.1561,19.688902,-32.949787,0.2841540643737049,0.39635094350115524,0.27614149767186436,0.4689533690443156,0.5993543619761572,0.4810335271848174,0.45375566664933586,Witzenberg,WC,B2,-34.21379376821846,18.08169235844888,Witzenberg,WC,0.4228204900573358
EC122,Mnquma Local Municipality,EC,DC12,3137.2611,28.156661,-32.34546,0.22531379664594706,0.33811931204947315,0.35448644145098684,0.15413077663212113,0.25293018383958316,0.45198128214021294,0.10840726599075134,Mnquma,EC,C1,-33.40863024448847,25.350352200730427,Mnquma,EC,0.26933843696415366
WC012,Cederberg Local Municipality,WC,DC1,8007.4794,18.924253,-32.256742,0.3585090984665409,0.411971479576452,0.26771029001449675,0.05708974789605105,0.629540084955632,0.2085317444671967,0.18034748242908324,Cederberg,WC,B3,-34.11180330323042,18.139705793572293,Cederberg,WC,0.30195713254363604
EC121,Mbhashe Local Municipality,EC,DC12,3302.5141,28.575231,-32.13221,0.36677944458889095,0.3518524178868398,0.3425830858851573,0.13616217452579285,0.07587070386367473,0.10638469358307245,0.24639642050110255,Mbhashe,EC,C1,-33.01603504321006,25.665137260736444,Mbhashe,EC,0.23228984869064728
EC101,Dr Beyers Naude Local Municipality,EC,DC10,28653.0202,24.089954,-32.8452,0.5125718911444935,0.21059326867838513,0.22326210304800567,0.4289660651306745,0.3150871144589918,0.6530256871472941,0.45945912898603103,Dr Beyers Naude,EC,B4,-34.39476906001593,24.533976859634347,Dr Beyers Naude,EC,0.40042360837055363
EC135,Intsika Yethu Local Municipality,EC,DC13,2845.9579,27.657819,-31.96959,0.4921254147302713,0.4891943878380774,0.1618332982558075,0.3036388129226464,0.44745980937690016,0.4600363705808892,0.5148353452200884,Intsika Yethu,EC,B2,-33.92038126306772,25.272606152285306,Intsika Yethu,EC,0.4098747769892401
WC053,Beaufort West Local Municipality,WC,DC5,21916.6186,22.746542,-32.27711,0.39317358975640143,0.24097036289684368,0.2728452365450648,0.17649392158927016,0.4095021641945639,0.30223140401264803,0.21109473755419417,Beaufort West,WC,B4,-33.63774631235695,17.652797190090347,Beaufort West,WC,0.28661591664985525
EC157,King Sabata Dalindyebo Local Municipality,EC,DC15,3018.9296,28.672457,-31.763159,0.3662758134190864,0.5800528449426144,0.09378178086561925,0.16184621822383183,0.2635348930925146,0.31027458618635373,0.07494490699238607,King Sabata Dalindyebo,EC,B3,-33.169277853878896,25.046477158978256,King Sabata Dalindyebo,EC,0.2643872919603437
EC137,Dr AB Xuma Local Municipality,EC,DC13,2483.8669,28.091141,-31.681331,0.20109138759679687,0.2607454572075977,0.1745403958684553,0.15299786389649123,0.2950860535324608,0.3907356922267793,0.10188772317841624,Engcobo,EC,C2,-34.51280288188362,24.96103121284019,Engcobo,EC,0.22529779621528537
EC154,Port St Johns Local Municipality,EC,DC15,1291.1995,29.42128,-31.536133,0.4316074018336958,0.25911991690036146,0.740450260358242,0.1857513650753581,0.4840070361659227,0.2270930109238935,0.2015924215142169,Port St Johns,EC,B3,-34.51223451586025,24.915920400377168,Port St Johns,EC,0.36137448753881296
EC155,Nyandeni Local Municipality,EC,DC15,2474.0105,29.067915,-31.593569,0.3584457396001344,0.30665543399567596,0.5010364078252532,0.34159971140407003,0.3199764887658921,0.519666792387594,0.47791243252339954,Nyandeni,EC,B1,-33.07453603388437,26.46183286039165,Nyandeni,EC,0.4036132866431456
EC136,Emalahleni Local Municipality,EC,DC13,3484.2285,27.19629,-31.595998,0.4021848966775992,0.5548951647408542,0.5686399248188418,0.24587902033476033,0.5819398761181966,0.23551852205925294,0.5688630308030137,Emalahleni,EC,B1,-33.67696389925896,25.372508259829612,Emalahleni,EC,0.45113149079321696
EC138,Sakhisizwe Local Municipality,EC,DC13,2345.066,27.781295,-31.446569,0.23087112299311008,0.39945077956944314,0.20667264968886423,0.36645330040468965,0.401766741391341,0.3330765381436801,0.34437640701384714,Sakhisizwe,EC,C1,-33.813706041138936,26.38954562820522,Sakhisizwe,EC,0.32609536274356793
EC131,Inxuba Yethemba Local Municipality,EC,DC13,11663.4982,25.321553,-31.862976,0.34930935664834534,0.34107536744742734,0.43434006295347716,0.5988307585481981,0.39505021942850266,0.5999544800562714,0.39912498577004096,Inxuba Yethemba,EC,B3,-33.70752451694707,25.521681051170955,Inxuba Yethemba,EC,0.4453836044074662
EC139,Enoch Mgijima Local Municipality,EC,DC13,13584.1357,26.442319,-31.82714,0.39321249442537104,0.1476620769255351,0.3416283643881449,0.4750591372703769,0.27097704417683716,0.4757211323855426,0.4892876822947084,Enoch Mgijima,EC,B4,-33.82000419321328,25.54068083694506,Enoch Mgijima,EC,0.3705068474095023
EC153,Ngquza Hill Local Municipality,EC,DC15,2476.83,29.619361,-31.240527,0.45954582203765854,0.22569745068464675,0.46269943701780747,0.43511924470734836,0.4237150550182089,0.32454678171200435,0.4353729516766547,Ngquza Hill,EC,B3,-33.132122004002,25.691617218610954,Ngquza Hill,EC,0.3952423918363327
NC071,Ubuntu Local Municipality,NC,DC7,20393.2046,23.133706,-31.373535,0.49022332064128243,0.3052713995012142,0.27309049410342023,0.32349171633305873,0.4731614822260018,0.19782238286986406,0.34183288854727834,Ubuntu,NC,B3,-29.06780368405932,23.704594002438,Ubuntu,NC,0.3435562406031599
EC156,Mhlontlo Local Municipality,EC,DC15,2880.265,28.779867,-31.200925,0.4975265154752655,0.6516748002548037,0.3804587973531439,0.3250441222197401,0.7894827959159828,0.9384015847029801,0.6086771768891557,Mhlontlo,EC,A,-33.9897596066413,25.40840633943201,Mhlontlo,EC,0.5987522561158675
EC444,Ntabankulu Local Municipality,EC,DC44,1384.5219,29.301335,-30.979143,0.45621437615900634,0.38006578988611767,0.15924531581978998,0.09932576688071224,0.3017546715648965,0.3736820079051876,0.3635978674672522,Ntabankulu,EC,C1,-33.19625906934314,25.645292453450875,Ntabankulu,EC,0.3048408279547089
EC443,Mbizana Local Municipality,EC,DC44,2415.4882,29.8461,-30.949138,0.17505172089487323,0.28013479430246596,0.3341570287710477,0.19665575414465106,0.44522473525751316,0.2630771740483842,0.21662949940056075,Mbizana,EC,C2,-33.98172144926225,25.768787274399468,Mbizana,EC,0.27299010097421367
EC442,Umzimvubu Local Municipality,EC,DC44,2578.8987,29.02465,-30.776692,0.6629902859210082,0.6902136707050562,0.5901368875629303,0.34290753113601413,0.7698616978714533,0.5324191097192073,0.5075665340980113,Umzimvubu,EC,A,-34.09730256142979,25.597439066639964,Umzimvubu,EC,0.5851565310019543
KZN216,Ray Nkonyeni Local Municipality,KZN,DC21,1487.0863,30.256268,-30.777445,0.4224565562027703,0.5372239817728953,0.39768535771233826,0.5388656110903219,0.4983191506424948,0.5329186057535379,0.3799550506045044,Ray Nkonyeni,KZN,B2,-30.56693070245807,31.431914006849095,Ray Nkonyeni,KZN,0.4724891876826947
EC145,Walter Sisulu Local Municipality,EC,DC14,13268.9301,26.297977,-30.990732,0.3180682783622047,0.33154513296672544,0.43409344998158983,0.15235230699952645,0.4033118240960964,0.5325854640712688,0.26635596422164637,Walter Sisulu,EC,B3,-33.346855644970056,25.814378219230807,Walter Sisulu,EC,0.34833034581415123
KZN214,UMuziwabantu Local Municipality,KZN,DC21,1089.3133,29.876026,-30.631048,0.5847539858380663,0.634234336220118,0.6326607134474518,0.5239923219367522,0.6061233374401339,0.6712611585566952,0.5820300088343902,uMuziwabantu,KZN,A,-29.636002258142945,31.86367510708209,uMuziwabantu,KZN,0.6050079803248012
WC011,Matzikama Local Municipality,WC,DC1,12981.445,18.499074,-31.25584,0.3126519281592433,0.19448787137558807,0.44762993220421426,0.15048107994756493,0.3519191769040059,0.42634704477046265,0.4228515744471325,Matzikama,WC,C1,-34.72587957408963,17.75946539657708,Matzikama,WC,0.32948122968688737
NC066,Karoo Hoogland Local Municipality,NC,DC6,30230.4352,21.045364,-31.728661,0.3578322593928375,0.2052447453592329,0.4401866258068665,0.33803010784914367,0.22995769237052843,0.42784952086979133,0.5277637520396496,Karoo Hoogland,NC,B4,-28.67301721034565,24.545663472226792,Karoo Hoogland,NC,0.3609806719554357
EC141,Elundini Local Municipality,EC,DC14,5018.8078,28.332924,-30.924613,0.420525301263847,0.36710240969709623,0.6061225300991255,0.4320898600255254,0.32053480634707393,0.5150068443187781,0.6212767795903892,Elundini,EC,B2,-33.757086930198724,26.253000870853413,Elundini,EC,0.46895121876311935
KZN213,Umzumbe Local Municipality,KZN,DC21,1223.9383,30.341597,-30.485871,0.2618300256973605,0.3962823710665096,0.09817710864762066,0.08235639439601454,0.46658918874184624,0.4851552332361241,0.5008436222853164,Umzumbe,KZN,B4,-29.985957290660647,30.121639108760707,Umzumbe,KZN,0.327319134867256
EC142,Senqu Local Municipality,EC,DC14,7329.4254,27.561052,-30.865504,0.44455513533137436,0.2375671236295315,0.38378729629407904,0.13070893935824868,0.3278710521579788,0.5022105650012618,0.2684072019754019,Senqu,EC,C1,-33.79030874931807,25.394536384583134,Senqu,EC,0.3278724733925537
NC072,Umsobomvu Local Municipality,NC,DC7,6813.4358,25.047653,-30.848179,0.40447886101081937,0.48950994202809966,0.5512464194255056,0.4527084336294517,0.48158893363736244,0.3966016849756644,0.48243256482837155,Umsobomvu,NC,B1,-29.6475304151136,25.381931114906955,Umsobomvu,NC,0.46550954850503923
KZN212,Umdoni Local Municipality,KZN,DC21,989.7517,30.56462,-30.269123,0.20967420518025615,0.2574062519126355,0.47424953854594354,0.3622059263370965,0.25238221973676334,0.1110444611104626,0.23372813991831817,Umdoni,KZN,B4,-29.711743789313775,31.14799699484355,Umdoni,KZN,0.27152724896306796
EC441,Matatiele Local Municipality,EC,DC44,4352.3097,28.799577,-30.3468,0.41598131302254143,0.2734493164305374,0.17217483472471795,0.06822168085214682,0.28365980648711214,0.3387327822228564,0.1293615087119063,Matatiele,EC,C2,-34.34736350947791,25.921663397344524,Matatiele,EC,0.24022589177883116
NC074,Kareeberg Local Municipality,NC,DC7,17700.758,22.134828,-30.5456,0.44636232608133325,0.4240437840392211,0.30038740688888926,0.42267193573939177,0.4545703571910136,0.726245727168062,0.4581675357041405,Kareeberg,NC,B1,-29.651251728020448,23.217735581079175,Kareeberg,NC,0.46177843897315024
KZN434,Ubuhlebezwe Local Municipality,KZN,DC43,1669.6508,30.164659,-30.192625,0.33785360477503534,0.2787277372524028,0.15373967536963135,0.07596281654742053,0.3111360048732468,0.4341691577028698,0.31420712386301497,Ubuhlebezwe,KZN,C1,-28.63617344982696,30.89741915556698,Ubuhlebezwe,KZN,0.2722565886262317
KZN435,Umzimkhulu Local Municipality,KZN,DC43,2435.6179,29.737726,-30.291686,0.4280495673060769,0.3220765334020264,0.3506238709542654,0.33967700849733895,0.5937193691610023,0.6775532721584758,0.42098838635060304,Umzimkhulu,KZN,B3,-30.801761146033257,31.80212718075857,Umzimkhulu,KZN,0.4475268582613984
KZN433,Greater Kokstad Local Municipality,KZN,DC43,2679.8401,29.333989,-30.300931,0.4751828317695221,0.5488811396357122,0.3018858983742515,0.27991168126949884,0.31339882385568985,0.3553723045236603,0.585576293898701,Greater Kokstad,KZN,B3,-29.379089966554968,31.277058250662048,Greater Kokstad,KZN,0.4086012819038622
NC073,Emthanjeni Local Municipality,NC,DC7,13472.1383,23.858389,-30.678603,0.5723425985006113,0.5005161267842777,0.4831774913531277,0.5402625246978034,0.42385064844887993,0.22233632440235068,0.48403234723789285,Emthanjeni,NC,B2,-28.452407509014154,24.340259883357604,Emthanjeni,NC,0.4609311516321348
NC064,Kamiesberg Local Municipality,NC,DC6,14208.4119,18.13016,-30.3755,0.5373464640805784,0.571910658185469,0.42384116715411235,0.37831345458846993,0.7191222229541502,0.5572962039929478,0.8051755010737475,Kamiesberg,NC,B1,-28.567207381843286,25.242643502222954,Kamiesberg,NC,0.5704293817184964
NC075,Renosterberg Local Municipality,NC,DC7,5529.2773,24.450635,-30.255706,0.25204924864762757,0.32455338726482946,0.45244970009052665,0.3260746322413714,0.48174310066620213,0.4118313312659804,0.6125718481701496,Renosterberg,NC,B2,-29.171747753966315,25.9102075061237,Renosterberg,NC,0.4087533211923839
KZN227,Richmond Local Municipality,KZN,DC22,1231.3632,30.284545,-29.892452,0.240357180990437,0.08804734175641044,0.19399758344968784,0.11826674106763341,0.2927435817923387,0.33860069508838503,0.28789570179939294,Richmond,KZN,C2,-29.948285476767357,31.033272907929604,Richmond,KZN,0.2228441179920408
NC065,Hantam Local Municipality,NC,DC6,39084.5409,19.960767,-30.973264,0.43409892626221125,0.25945424182590404,0.2725700083912864,0.2785496402261348,0.2284057502225969,0.6039313547677135,0.4288965219205613,Hantam,NC,B3,-28.716734296381382,24.556875633222152,Hantam,NC,0.35798663480234405
FS163,Mohokare Local Municipality,FS,DC16,8775.7584,26.708434,-30.208459,0.29752235606688876,0.35642034093534775,0.24180649211199184,0.3767455528703864,0.4357988926073266,0.3660227657805775,0.21677961019196235,Mohokare,FS,C2,-27.731300946278626,26.72274716037505,Mohokare,FS,0.32729943008064016
KZN226,Mkhambathini Local Municipality,KZN,DC22,868.4805,30.545311,-29.843575,0.32030157060591596,0.5940858004811403,0.30788617765829907,0.42953945047521874,0.5514978831207271,0.19595321181980702,0.3203989238099334,Mkhambathini,KZN,B2,-29.58050342063085,31.41399408839853,Mkhambathini,KZN,0.3885232882815774
KZN225,The Msunduzi Local Municipality,KZN,DC22,751.0943,30.265493,-29.670138,0.272814343392172,0.5389351202500835,0.20013762109618277,0.24538308332313902,0.3888794802676367,0.19824548913151882,0.08040914192394366,Msunduzi,KZN,C1,-29.580456660535212,31.871967263083896,Msunduzi,KZN,0.2749720399120966
ETH,Ethekwini Metropolitan Municipality,KZN,ETH,2555.9182,30.83614,-29.834218,0.5664761194469278,0.07816996225107008,0.3157948641403739,0.2573487055483712,0.23595998142599048,0.4682026849678979,0.35576665694115994,eThekwini,KZN,C1,-31.08332922046565,30.881574867745158,eThekwini,KZN,0.32538842496025594
KZN436,Dr Nkosazana Dlamini Zuma Local Municipality,KZN,DC43,3601.9618,29.599264,-29.829953,0.6861213727711064,0.6309099145887999,0.5253353551407345,0.6552594299572947,0.5973908329272049,0.4415741990190267,0.5953737716547294,Dr Nkosazana Dlamini Zuma,KZN,A,-30.028849715478415,31.053940222171516,Dr Nkosazana Dlamini Zuma,KZN,0.5902806965798424
KZN224,Impendle Local Municipality,KZN,DC22,1609.6369,29.731274,-29.554931,0.5086907971616913,0.20130463594542047,0.42307480507261475,0.13935395629788494,0.1846767794640538,0.2593921090143837,0.27343312769691597,Impendle,KZN,C1,-28.933844197295027,31.588705944488847,Impendle,KZN,0.28427517295042354
KZN222,uMngeni Local Municipality,KZN,DC22,1520.7552,30.090249,-29.437803,0.3645921780286052,0.2737275295839699,0.13224091272844593,0.599361115319469,0.25668377705751577,0.39730523445540533,0.08914885988385984,uMngeni,KZN,C1,-30.326449255351974,30.83277191382206,uMngeni,KZN,0.3018656581510387
FS162,Kopanong Local Municipality,FS,DC16,15648.0482,25.641109,-29.975795,0.5828131864069276,0.6955355815096107,0.5578695179435091,0.5753105073280583,0.5004455149587076,0.48394802598675835,0.5003214497748694,Kopanong,FS,A,-27.898621087347696,27.069057718501963,Kopanong,FS,0.556606254844063
KZN293,Ndwedwe Local Municipality,KZN,DC29,1078.5795,30.96856,-29.425041,0.37220268788105176,0.35389560109214946,0.20230978968008673,0.2814794482173523,0.44409606255550244,0.2955276467955592,0.38972745571640377,Ndwedwe,KZN,B4,-29.37780740475734,31.00571302778033,Ndwedwe,KZN,0.334176955991158
KZN221,uMshwathi Local Municipality,KZN,DC22,1865.8534,30.577195,-29.382878,0.45259453992431325,0.20827246253848863,0.09092485596621475,0.23407885912572143,0.48888244986063917,0.28026596406041754,0.34436455638267793,uMshwathi,KZN,C1,-29.96426261156145,30.969337827085575,uMshwathi,KZN,0.29991195540835325
KZN292,KwaDukuza Local Municipality,KZN,DC29,739.9702,31.251142,-29.357794,0.3867767871597538,0.3222505699470069,0.41377526440291584,0.3004794661020389,0.20379596579006143,0.15366926997831343,0.5998324677035805,KwaDukuza,KZN,B3,-30.211125008645162,31.101153095915596,KwaDukuza,KZN,0.3400828272976672
NC076,Thembelihle Local Municipality,NC,DC7,8023.0973,23.765003,-29.70843,0.1580320857722509,0.2773894260080352,0.18930444846619965,0.4289558975424005,0.22995733402706633,0.4165064771511585,0.26219218713338655,Thembelihle,NC,B4,-28.682557864268176,24.420213856975256,Thembelihle,NC,0.2803339794429282
KZN291,Mandeni Local Municipality,KZN,DC29,554.8023,31.467046,-29.126103,0.5360270789352684,0.6679203211575494,0.6975690191319075,0.6721022359211446,0.5745131133455849,0.588575814752964,0.4482520732810458,Mandeni,KZN,A,-29.059272226170513,30.62820588559372,Mandeni,KZN,0.5978513795036379
NC077,Siyathemba Local Municipality,NC,DC7,14704.0031,22.5525,-29.634216,0.1950375644134854,0.16490462116053442,0.13562318326337108,0.3772631931188305,0.112431786478375,0.43456874136775914,0.24974912483815956,Siyathemba,NC,B4,-28.667459895249845,23.91952082350278,Siyathemba,NC,0.2385111735200736
KZN223,Mpofana Local Municipality,KZN,DC22,1755.2117,30.025195,-29.190933,0.2148081730767485,0.41900572821157245,0.3019811349171837,0.09747327910750146,0.4900064732969939,0.5978725176903842,0.21173340323515638,Mpofana,KZN,B3,-29.14997770265052,31.291327620993854,Mpofana,KZN,0.33326867279079153
KZN294,Maphumulo Local Municipality,KZN,DC29,895.9099,31.061677,-29.111126,0.362002184194311,0.2945203738786873,0.08706581017347433,0.20615345224706466,0.3800502869420455,0.23546584208654814,0.3866474211530099,Maphumulo,KZN,B4,-29.135519704781505,31.428396991283265,Maphumulo,KZN,0.278843624382163
FS161,Letsemeng Local Municipality,FS,DC16,9825.856,25.014804,-29.358126,0.36596845246063703,0.6180595085148161,0.3440871183080229,0.2141294385627235,0.5601144509196239,0.23717245873265094,0.5500196293388314,Letsemeng,FS,B2,-28.642084716666787,26.63616345281902,Letsemeng,FS,0.4127930081196151
FS196,Mantsopa Local Municipality,FS,DC19,4290.5858,27.217598,-29.135212,0.39301104962052386,0.3864224610160188,0.3021035391169733,0.42953709442960747,0.5838214684106954,0.35665577636301404,0.4434320038454506,Mantsopa,FS,B3,-28.664719713683034,26.361569610916206,Mantsopa,FS,0.413569056114612
KZN245,Umvoti Local Municipality,KZN,DC24,2704.7054,30.674408,-29.025108,0.7701023220104779,0.7831677047611096,0.5487126326998907,0.3911764988041474,0.4759021562635293,0.3480834979355728,0.43767705820655545,Umvoti,KZN,B1,-30.05913992118314,31.75561421663836,Umvoti,KZN,0.5364031243830405
KZN284,uMlalazi Local Municipality,KZN,DC28,2213.941,31.444902,-28.90486,0.3994589443044516,0.5646024711443901,0.4663013780587552,0.4474759238263789,0.6531370784968185,0.7317411434222025,0.8328504299587687,uMlalazi,KZN,A,-29.87376434012018,30.92373873377382,uMlalazi,KZN,0.585081052744538
NC062,Nama Khoi Local Municipality,NC,DC6,17990.4085,17.914941,-29.456405,0.08325298501846749,0.238601254659632,0.3297620713306213,0.2056546644325976,0.2714898178258381,0.3401702303000372,0.07899300350859224,Nama Khoi,NC,C2,-28.684849320521224,24.274231405407114,Nama Khoi,NC,0.22113200386796938
MAN,Mangaung Metropolitan Municipality,FS,MAN,9886.3107,26.50053,-29.331493,0.12236024131829949,0.25254013544581067,0.10066844484664894,0.2782915687886023,0.2998049156288956,0.2886509723729993,0.015714820718236547,Mangaung,FS,C1,-28.985783314412668,26.615875521605986,Mangaung,FS,0.1940044427313561
KZN237,Inkosi Langalibalele Local Municipality,KZN,DC23,3398.6384,29.823239,-28.988421,0.4234881724834499,0.44287095377175745,0.3770875426173114,0.49098977901719887,0.5423442617559425,0.6015071728681698,0.7515441840088488,Inkosi Langalibalele,KZN,B1,-30.389151811557433,31.39117517120883,Inkosi Langalibalele,KZN,0.5185474380746683
NC067,Khâi-Ma Local Municipality,NC,DC6,15714.8699,19.261354,-29.537786,0.3208891180805446,0.2921336052302887,0.3938351290842996,0.20754606748384313,0.576906962951638,0.1854157725485463,0.41292822628206777,Khâi-Ma,NC,B3,-28.432226437267424,23.784296957892437,Khâi-Ma,NC,0.34137926880874686
KZN282,uMhlathuze Local Municipality,KZN,DC28,1232.8541,31.879316,-28.731234,0.3588779415669375,0.4613800674284351,0.36878611991749105,0.3930029922469893,0.5648445814129285,0.19359860517118072,0.09282515310250278,uMhlathuze,KZN,B3,-29.664828380359136,30.56832736763031,uMhlathuze,KZN,0.34761649440663783
NC078,Siyancuma Local Municipality,NC,DC7,16587.3711,23.360294,-28.985229,0.3364257728388433,0.34330632366471386,0.30895271268616875,0.21270588784205213,0.2925788926542847,0.18359646245325095,0.38741411926205116,Siyancuma,NC,B4,-29.048661681348815,24.74973873650787,Siyancuma,NC,0.29499716734305215
NC091,Sol Plaatje Local Municipality,NC,DC9,3311.5871,24.496038,-28.747375,0.4979013156331847,0.5218021952274473,0.1387177985645861,0.35370314908990796,0.5759892201851932,0.6586669661783766,0.47650648438857046,Sol Plaatje,NC,B2,-28.99567199334753,25.401910696033276,Sol Plaatje,NC,0.46046958989532377
KZN286,Nkandla Local Municipality,KZN,DC28,1827.5774,30.992847,-28.658743,0.6325468440759747,0.38324549726902407,0.2804319072848752,0.4460712274336371,0.4196199329722976,0.40362743996278394,0.30916368535901284,Nkandla,KZN,B1,-30.329268040989206,30.937495484840213,Nkandla,KZN,0.41067236205108654
NC084,!Kheis Local Municipality,NC,DC8,11102.3528,21.605682,-29.231833,0.3274492029685368,0.28354704326027863,0.17543808102319186,0.35778727487592826,0.34930162160191536,0.2219150213470515,0.1899026563056831,!Kheis,NC,C2,-28.72767738688197,25.034163009053998,!Kheis,NC,0.27219155734036937
KZN235,Okhahlamba Local Municipality,KZN,DC23,3971.0441,29.316131,-28.755388,0.5487037819116224,0.4480370695015294,0.3724100119029776,0.2018796419467552,0.3078788035859151,0.5558824793348014,0.41938778498936374,Okhahlamba,KZN,B2,-30.14871191165014,31.494791967297427,Okhahlamba,KZN,0.40773993902470923
KZN285,Mthonjaneni Local Municipality,KZN,DC28,1638.6138,31.469906,-28.566646,0.5271351248101563,0.5746067839979029,0.6855934491730797,0.4149756604564342,0.8158532036232962,0.5674159381002584,0.6101805524971721,Mthonjaneni,KZN,A,-29.608303067823254,31.499912123455147,Mthonjaneni,KZN,0.5993943875226142
KZN281,Mfolozi Local Municipality,KZN,DC28,1300.3177,32.081942,-28.549435,0.48695040623813624,0.5285469373108808,0.14198878711723412,0.45618197915395486,0.4799124733043099,0.4641680702943867,0.48833428002365187,Mfolozi,KZN,B3,-29.683560989931415,31.117200446349347,Mfolozi,KZN,0.4351547047775078
KZN244,Msinga Local Municipality,KZN,DC24,2375.1533,30.448439,-28.605909,0.20757042233884904,0.39242436068208614,0.3111218190344845,0.2670378950327664,0.2924634323664361,0.40062561728688745,0.09219380545982162,Msinga,KZN,C1,-29.833476586449102,30.41399640370259,Msinga,KZN,0.28049105031447585
FS181,Masilonyana Local Municipality,FS,DC18,6617.8238,26.617459,-28.631554,0.4317928640309363,0.33684715531154,0.36131423599507995,0.34962606818444897,0.599924406398301,0.13422034326330434,0.23650694116579055,Masilonyana,FS,B3,-28.74797130583535,26.68807059155975,Masilonyana,FS,0.3500331449070573
KZN238,Alfred Duma Local Municipality,KZN,DC23,3764.4092,29.859036,-28.465499,0.5206043199158003,0.38675803317456464,0.45875251465169375,0.1581232602454103,0.4965763348436239,0.2503267491853899,0.322258777796798,Alfred Duma,KZN,B4,-29.89532552875258,31.58562354673366,Alfred Duma,KZN,0.3704857128304687
KZN275,Mtubatuba Local Municipality,KZN,DC27,1969.8288,32.294952,-28.287746,0.4744484478409921,0.2135109659451183,0.3925845257869356,0.2540840896898666,0.2181081849244119,0.374578401135061,0.6535146875721307,Mtubatuba,KZN,B3,-29.3767080070783,30.714528169239102,Mtubatuba,KZN,0.3686899004135023
NC061,Richtersveld Local Municipality,NC,DC6,9607.673,17.059551,-28.768234,0.25126386996227346,0.2812856341785774,0.24924252713042613,0.21188007648681007,0.7472608105801534,0.3734976656952743,0.2610822743291465,Richtersveld,NC,B3,-28.9852037905821,24.31025880163729,Richtersveld,NC,0.33935897976609447
FS191,Setsoto Local Municipality,FS,DC19,5431.1581,27.611829,-28.597454,0.6337902470101747,0.3427419710858189,0.3914494387052625,0.15295315680637425,0.49038157187501774,0.5638307779458746,0.23410575305553893,Setsoto,FS,B1,-28.543691680774586,26.0682789990815,Setsoto,FS,0.4013218452120088
FS192,Dihlabeng Local Municipality,FS,DC19,4867.7412,28.293888,-28.362458,0.5711450600863671,0.42847857645583637,0.46276322879648757,0.29481279442736574,0.418389131068122,0.5196067476517878,0.4771618198353901,Dihlabeng,FS,B2,-28.695353506981743,26.95780250179517,Dihlabeng,FS,0.45319390833162243
FS194,Maluti a Phofung Local Municipality,FS,DC19,4337.7146,29.025155,-28.332208,0.3644541353318666,0.2719829338051361,0.11232727709942192,0.32038883972144294,0.21765858917969025,0.29006842263925436,0.4079765047214887,Maluti a Phofung,FS,B3,-28.727073220033898,25.726355485130675,Maluti a Phofung,FS,0.2835509574997573
KZN242,Nqutu Local Municipality,KZN,DC24,1962.258,30.738403,-28.305786,0.30393411204291937,0.42616497988488056,0.7544714908978096,0.75325809110375,0.8322515781472535,0.5151298795231732,0.744182547434479,Nqutu,KZN,A,-29.43461265443068,30.21397987217338,Nqutu,KZN,0.6184846684334665
KZN241,Endumeni Local Municipality,KZN,DC24,1610.233,30.298724,-28.170872,0.43631280273661055,0.38826408591109246,0.4098413918305093,0.45526596369401046,0.5524622160164769,0.3385929052931437,0.48726237683563023,Endumeni,KZN,B4,-29.42456550563437,31.9103230788234,Endumeni,KZN,0.4382859631882105
NC093,Magareng Local Municipality,NC,DC9,1546.3791,24.780465,-28.167755,0.3270520012509297,0.3826574776559774,0.5456613643946533,0.36542757909376733,0.39117022267318186,0.4969063120611935,0.5138334200172552,Magareng,NC,B2,-28.834257091597273,24.829114411661347,Magareng,NC,0.43181548244956547
NC086,Kgatelopele Local Municipality,NC,DC8,2478.4476,23.632333,-28.217464,0.5318599303330048,0.47026957026756516,0.4160574483393398,0.25947094006573324,0.539890651603144,0.2562529026750399,0.35767591516407826,Kgatelopele,NC,B2,-28.085531526188003,24.214925240174292,Kgatelopele,NC,0.40449676549255786
KZN266,Ulundi Local Municipality,KZN,DC26,3250.5788,31.309425,-28.239572,0.5384548664683154,0.4415787393895351,0.22798838295539436,0.5026867259479949,0.33370977295591375,0.4903018147775482,0.4483971444467074,Ulundi,KZN,B4,-30.831619138402374,30.704448287404446,Ulundi,KZN,0.4261596352773442
FS182,Tokologo Local Municipality,FS,DC18,9316.4967,25.355299,-28.472525,0.14286417418880606,0.44435072801988734,0.4353375189484843,0.24350176212137142,0.3764555080829148,0.1434324029506002,0.3342933301419839,Tokologo,FS,C2,-28.278751604364388,26.888286679226855,Tokologo,FS,0.30289077492200683
KZN254,Dannhauser Local Municipality,KZN,DC25,1707.3128,30.00229,-28.021394,0.3071618789086566,0.26414397291868835,0.38565204923238205,0.1350703794045913,0.2066712935449995,0.2720888496776973,0.3891602993971737,Dannhauser,KZN,C1,-30.408280074690566,30.66442986130171,Dannhauser,KZN,0.2799926747263127
NC082,Kai !Garib Local Municipality,NC,DC8,26236.3494,20.416961,-28.975571,0.4043905953069808,0.22191199916532503,0.44949491336125336,0.5042967617934657,0.49506683820926956,0.5277857490618836,0.5563664411138143,Kai !Garib,NC,B2,-28.943050325910523,25.09540306084504,Kai !Garib,NC,0.4513304711445704
NC092,Dikgatlong Local Municipality,NC,DC9,7315.5361,24.192269,-28.193338,0.07935139717920611,0.17290795901750822,0.21582919576807014,0.41473642149940715,0.31168150872625416,0.21724794398088834,0.16777534486795787,Dikgatlong,NC,C2,-29.12126785594609,25.427522788135356,Dikgatlong,NC,0.22564711014847028
NC094,Phokwane Local Municipality,NC,DC9,828.1106,24.808909,-27.795177,0.291842143732781,0.21703417070259676,0.22303977732991215,0.16831069185890307,0.24546583046138318,0.21487500159735948,0.20439731349677137,Phokwane,NC,C2,-28.117640989165047,24.519114761277912,Phokwane,NC,0.22356641845424385
KZN265,Nongoma Local Municipality,KZN,DC26,2182.1142,31.74556,-27.91178,0.42979228842303846,0.35856624873454224,0.34845597431032466,0.450375092795952,0.5061792829173233,0.46667087507212257,0.3886744552752439,Nongoma,KZN,B3,-29.593054857313653,31.808104840825603,Nongoma,KZN,0.42124488821836387
FS183,Tswelopele Local Municipality,FS,DC18,6533.4679,25.931714,-28.066752,0.4779787945326503,0.4223406248245564,0.19079957096654154,0.02769947345912725,0.32460365699733873,0.0734428322341314,0.44517235434846386,Tswelopele,FS,B4,-28.942194036116682,26.845244890813937,Tswelopele,FS,0.28029104390897275
FS184,Matjhabeng Local Municipality,FS,DC18,5690.4019,26.916301,-28.044206,0.41054874620487825,0.3509228700892888,0.222182887437479,0.2626270060272225,0.31574879399497796,0.3852890766350846,0.18133985727594848,Matjhabeng,FS,C1,-28.285885834930546,28.058737018766962,Matjhabeng,FS,0.3040941768092685
FS193,Nketoana Local Municipality,FS,DC19,5604.5205,28.245932,-27.850105,0.49102625140016776,0.3288372272077849,0.5015801822085653,0.18804278191543344,0.22233229140320795,0.24974121707279034,0.2481109235194822,Nketoana,FS,B3,-27.79707318955588,26.435458081128196,Nketoana,FS,0.3185244106753474
KZN263,Abaqulusi Local Municipality,KZN,DC26,4313.5547,31.053009,-27.82574,0.1645548012471093,0.4357245013358159,0.17278457613844417,0.28802163563742156,0.18212490710183693,0.28363678351383825,0.2999111948919447,Abaqulusi,KZN,B4,-29.647816635484872,31.03601678661629,Abaqulusi,KZN,0.26096548569520156
KZN252,Newcastle Local Municipality,KZN,DC25,1855.7942,29.876256,-27.739276,0.23554620114651095,0.19167931779737835,0.24776874020742598,0.19667363812603297,0.2955830259922836,0.2841916083873707,0.3849983655854348,Newcastle,KZN,C1,-29.481233094551154,30.650534785710626,Newcastle,KZN,0.2623486996060625
NC453,Gamagara Local Municipality,NC,DC45,2647.9047,22.996074,-27.643424,0.462363011149842,0.48099615487806985,0.4123044106042685,0.3479140668206856,0.36215789175465973,0.2367544522468444,0.3143734376538271,Gamagara,NC,B3,-28.581264548674437,24.430614341191127,Gamagara,NC,0.37383763215831395
KZN261,eDumbe Local Municipality,KZN,DC26,1942.7625,30.810623,-27.469618,0.396395946210993,0.2148020862415032,0.22081152111654187,0.36201438512705875,0.4153144297300619,0.09315598776008915,0.2759987467971303,eDumbe,KZN,C1,-29.64399526422438,31.577656018053347,eDumbe,KZN,0.28264187185476836
KZN253,Emadlangeni Local Municipality,KZN,DC25,3539.316,30.321232,-27.617907,0.4308793198892607,0.537939487113128,0.27898360672679395,0.37387111241283455,0.5170531332482938,0.6857725214984198,0.43568359854242744,Emadlangeni,KZN,A,-30.3068586832202,31.01639104643813,Emadlangeni,KZN,0.46574039706159404
KZN262,UPhongolo Local Municipality,KZN,DC26,3110.0566,31.598159,-27.483609,0.5672985530256532,0.2634603993782609,0.06390150564982269,0.22701157676679445,0.3167806365205917,0.25002342163809216,0.32035248179990655,uPhongolo,KZN,C1,-29.495619263887782,29.85435524570095,uPhongolo,KZN,0.28697551068273164
NW396,Lekwa-Teemane Local Municipality,NW,DC39,3653.6326,25.329238,-27.639227,0.37705657078810667,0.2287494747521908,0.1470433990570342,0.1885958487240029,0.582817643729433,0.30208848106432473,0.17099556755996695,Lekwa-Teemane,NW,B4,-26.7339901279922,25.93101790603719,Lekwa-Teemane,NW,0.28533528366786565
NC452,Ga-Segonyana Local Municipality,NC,DC45,4494.7974,23.560537,-27.622587,0.25376033429103556,0.37434530151943335,0.5629192312247774,0.4166757492692432,0.3527169796733689,0.26761467015445983,0.30193209864371795,Ga-Segonyana,NC,B4,-28.67383302467843,23.917120463909743,Ga-Segonyana,NC,0.36142348068229085
FS185,Nala Local Municipality,FS,DC18,4128.7924,26.443501,-27.620085,0.1782102869622377,0.18662472232825553,0.1873475429281784,0.39046004605213075,0.23852371062403013,0.1648863270196122,0.3083586220229961,Nala,FS,C1,-27.461577694359164,26.37337832472059,Nala,FS,0.23634446541963441
NC085,Tsantsabane Local Municipality,NC,DC8,18289.3101,22.553378,-28.038564,0.5499803876889484,0.545880450527654,0.580756444731374,0.3668793311236769,0.7798177114086547,0.3935624554192944,0.3203429787905523,Tsantsabane,NC,A,-29.244186141115378,25.148907704205275,Tsantsabane,NC,0.5053171085271649
NW394,Greater Taung Local Municipality,NW,DC39,5636.5226,24.439148,-27.502887,0.24015918782313728,0.4205452130571123,0.2782362688538528,0.32183885302423404,0.4598308050141901,0.39232029873947166,0.433620715386573,Greater Taung,NW,B3,-26.606013206256947,25.075936370292478,Greater Taung,NW,0.363793048842653
FS195,Phumelela Local Municipality,FS,DC19,8197.2401,29.22851,-27.676713,0.49792306646329837,0.53896234453356,0.40342207678409014,0.49828428148598036,0.742338572759639,0.18576974655452855,0.3923517080755714,Phumelela,FS,A,-28.481332960272454,26.26879279407022,Phumelela,FS,0.46557882809380974
FS205,Mafube Local Municipality,FS,DC20,3976.5633,28.607312,-27.270073,0.28358965867779945,0.20635830883240666,0.340482244857618,0.2608751887535552,0.31434727084528796,0.13535760801174773,0.12972609868931562,Mafube,FS,C2,-27.481543235839343,28.252533584620203,Mafube,FS,0.23867662552396154
KZN271,Umhlabuyalingana Local Municipality,KZN,DC27,4977.1345,32.563817,-27.243473,0.6694837400687218,0.4735874343257443,0.4066034648300201,0.24811509949656124,0.5023398214515046,0.6221981380927913,0.716259740860716,Umhlabuyalingana,KZN,B1,-29.504546838603325,30.20920280027303,Umhlabuyalingana,KZN,0.519798205589437
NW393,Mamusa Local Municipality,NW,DC39,3603.324,25.276126,-27.22399,0.5871963018257603,0.5931336307983798,0.4998783229541215,0.33786945391345946,0.6452575167124653,0.7069884218344414,0.47832384422420265,Mamusa,NW,A,-27.026458072332357,26.0742139604149,Mamusa,NW,0.5498067846089758
FS201,Moqhaka Local Municipality,FS,DC20,7924.566,27.193724,-27.500953,0.48776157268018583,0.5329730846308074,0.3164647702216115,0.4917403205202423,0.531184711138428,0.4541133315203505,0.6016919790567832,Moqhaka,FS,B1,-28.447131277126278,25.921135804321686,Moqhaka,FS,0.4879899671097726
NW404,Maquassi Hills Local Municipality,NW,DC40,4670.6148,26.033886,-27.238358,0.5829701559428829,0.5361974922609619,0.44153617635866677,0.40294063816662756,0.39035206423188656,0.49577535603313583,0.48134502423032544,Maquassi Hills,NW,B2,-26.07602500747028,25.67374133284852,Maquassi Hills,NW,0.47587384388921244
KZN272,Jozini Local Municipality,KZN,DC27,3438.2668,32.145555,-27.36761,0.4088351458698997,0.2840797966249759,0.32906357755439375,0.3464668568166096,0.3854555148613543,0.20792086058799125,0.2907504768023208,Jozini,KZN,C1,-29.062025475973247,31.18417830635033,Jozini,KZN,0.3217960327310779
FS203,Ngwathe Local Municipality,FS,DC20,7055.0105,27.731911,-27.295757,0.49378963629913347,0.3700141086069089,0.28046632552178613,0.23596859152987015,0.18482662801831737,0.2562343859832838,0.18834226332331508,Ngwathe,FS,C1,-29.133522622695494,27.86462355601415,Ngwathe,FS,0.28709170561180214
MP304,Dr Pixley Ka Isaka Seme Local Municipality,MP,DC30,5227.2086,29.955869,-27.128497,0.17498430649269095,0.24617124852928737,0.24724096944496088,0.07608779863009368,0.21300625267801843,0.11369291503988811,0.17663307012718382,Dr Pixley Ka Isaka Seme,MP,C2,-25.565744086048625,31.457296222288686,Dr Pixley Ka Isaka Seme,MP,0.17825950870601762
FS204,Metsimaholo Local Municipality,FS,DC20,1717.0994,28.043759,-26.929133,0.23399967204404015,0.4204372379298478,0.5551617552991231,0.2001444346843107,0.3903541401272727,0.2673483248178635,0.23329820607576282,Metsimaholo,FS,B4,-29.043711290637013,26.25160721077268,Metsimaholo,FS,0.3286776815683172
MP305,Lekwa Local Municipality,MP,DC30,4594.3506,29.347797,-26.880899,0.2729708103486449,0.35069008711113164,0.28063727196707144,0.16009520661486526,0.4822802116594782,0.1295023732036365,0.08945328286775361,Lekwa,MP,B4,-25.208311443408764,30.834431234898325,Lekwa,MP,0.2522327491103688
MP306,Dipaleseng Local Municipality,MP,DC30,2607.3976,28.637785,-26.778446,0.40557131141201336,0.4891866833314525,0.021239619754564322,0.5828537354044664,0.3455898332496658,0.15830268211061657,0.46728663285188266,Dipaleseng,MP,B2,-25.22561205297685,31.87550628006315,Dipaleseng,MP,0.35286149973066594
MP303,Mkhondo Local Municipality,MP,DC30,4900.5192,30.704135,-26.99155,0.19489691091740272,0.3667499916990172,0.27551844701931005,0.17473262484151847,0.3026347812245389,0.169262099335616,0.1360528340942878,Mkhondo,MP,C1,-26.138428908422863,31.43361120828599,Mkhondo,MP,0.23140681273309877
NW403,City of Matlosana Local Municipality,NW,DC40,3602.2352,26.488112,-26.811403,0.2275520828408405,0.3582444179023072,0.4025973457089049,0.2796863444976624,0.2986030224128522,0.24491346668113254,0.3278340872309534,City of Matlosana,NW,C1,-27.427411242628892,26.468093050006086,City of Matlosana,NW,0.30563296675352186
GT421,Emfuleni Local Municipality,GT,DC42,965.6413,27.780976,-26.628393,0.38408786117756755,0.4198973063278979,0.27628255794306,0.47649038637463825,0.4416021307080967,0.647221663955343,0.3203018631935357,Emfuleni,GT,B2,-26.38807803561505,27.93308851774198,Emfuleni,GT,0.423697681382877
GT422,Midvaal Local Municipality,GT,DC42,1722.6941,28.129184,-26.623096,0.09667157093467317,0.36383306699862744,0.2688994745376645,0.32845450727305003,0.17328612235325494,0.28207530691379634,0.14396466207245487,Midvaal,GT,C2,-26.88744790418499,27.88091312801267,Midvaal,GT,0.2367406730119316
NW392,Naledi Local Municipality,NW,DC39,7032.0354,24.795151,-26.863443,0.3094674373599208,0.06625336183747589,0.31119354466432075,0.1007832574289969,0.2972540417191996,0.4833212720214249,0.17750775486176573,Naledi,NW,C2,-26.330293663849524,25.720175846288992,Naledi,NW,0.24939723855615778
NW382,Tswaing Local Municipality,NW,DC38,5885.3352,25.660834,-26.616333,0.5432801727001622,0.38971660310236733,0.4560278172376663,0.6228154065963799,0.571378948354038,0.4953218833854528,0.274456382862659,Tswaing,NW,B1,-27.216131335288917,25.17776410619946,Tswaing,NW,0.4789996020341037
GT423,Lesedi Local Municipality,GT,DC42,1484.3926,28.506672,-26.461472,0.3572014478571903,0.39644486726687456,0.3438784412374357,0.4027211138942167,0.5524512348258811,0.35804674165059913,0.2214083313659328,Lesedi,GT,B2,-26.333193745004476,28.116084944813128,Lesedi,GT,0.37602173972830427
MP302,Msukaligwa Local Municipality,MP,DC30,6003.4092,30.128679,-26.467355,0.3342127019951852,0.3379890647386226,0.5763431934234737,0.10756767439448277,0.2863517219855957,0.3983734046051609,0.41491183530146747,Msukaligwa,MP,B3,-24.739669172235914,30.72860692456781,Msukaligwa,MP,0.35082137092056975
MP307,Govan Mbeki Local Municipality,MP,DC30,2954.6898,29.196018,-26.466971,0.3491947390175741,0.5127389551841682,0.6299425934549294,0.5433541069125492,0.5642032256443086,0.5143812033562982,0.49548993991212525,Govan Mbeki,MP,B2,-24.36150973547312,30.93469056756639,Govan Mbeki,MP,0.5156149662117075
GT484,Merafong City Local Municipality,GT,DC48,1630.0472,27.399419,-26.416855,0.4172449791821669,0.4018833133032076,0.4112603473258588,0.46738361440502163,0.5079749219966337,0.3504331494044457,0.44341590591797997,Merafong City,GT,B3,-25.693642091090084,28.077714663834232,Merafong City,GT,0.4285137473621878
GT485,Rand West City Local Municipality,GT,DC48,1114.7153,27.630358,-26.305378,0.2549375021457405,0.30619383169482545,0.16106815522921736,0.19528998292765268,0.3821399420175915,0.22436766222505747,0.06628217820844381,Rand West City,GT,C1,-26.024121795800397,28.026577673788935,Rand West City,GT,0.2271827506355041
NW405,JB Marks Local Municipality,NW,DC40,6397.9943,27.004517,-26.488692,0.26580306631940165,0.32150642210425273,0.23867210366195896,0.16044396564853358,0.3928561020771147,0.11551387624226236,0.15656833831012568,JB Marks,NW,C1,-26.518272831080463,24.595039017100063,JB Marks,NW,0.2359091249090928
NC451,Joe Morolong Local Municipality,NC,DC45,20179.766,22.937721,-26.838253,0.21612749174302195,0.4034832742760652,0.5560937378212736,0.12133057860240956,0.4448579051536603,0.469700517427022,0.40511701322737526,Joe Morolong,NC,B3,-29.37056104796248,24.475717895985824,Joe Morolong,NC,0.3738157883215468
EKU,Ekurhuleni Metropolitan Municipality,GT,EKU,1975.685,28.312575,-26.198938,0.43242175460073673,0.36832567208424444,0.38463393925447187,0.47583513446173,0.32370610975521147,0.3555745562508337,0.349289318081468,Ekurhuleni,GT,B2,-25.811331211969126,28.217383037233308,Ekurhuleni,GT,0.3842552120698137
JHB,City of Johannesburg Metropolitan Municipality,GT,JHB,1642.6263,27.963623,-26.17694,0.45690575344176415,0.4379430260658615,0.5632882278383835,0.3639526937682263,0.57961785171341,0.6069769056040345,0.500015694589989,City of Johannesburg,GT,B1,-26.199957803454293,27.639220983228576,City of Johannesburg,GT,0.5012428790030955
MP311,Victor Khanye Local Municipality,MP,DC31,1567.7745,28.768849,-26.132618,0.48939689402707387,0.4140423953853897,0.4646725448192399,0.5464799805108321,0.3705177019675272,0.581657243788405,0.3949794029451946,Victor Khanye,MP,B2,-25.31990470334146,31.438120078733192,Victor Khanye,MP,0.46596373763480897
GT481,Mogale City Local Municipality,GT,DC48,1344.6714,27.683413,-25.98722,0.5102734063485533,0.42044147679040583,0.5618669332002367,0.5928634518864639,0.6501655286708502,0.6109234705134455,0.19408708093179522,Mogale City,GT,A,-26.477663609409507,28.23576926127257,Mogale City,GT,0.5058030497631072
NW381,Ratlou Local Municipality,NW,DC38,4883.5628,25.063606,-26.082016,0.27968581368190043,0.28170577794999413,0.31710912189285434,0.09297438892805154,0.31079438409566923,0.30655775819306735,0.3192305535274153,Ratlou,NW,C1,-26.853541609167287,25.42323620982131,Ratlou,NW,0.2725796854669932
MP301,Chief Albert Luthuli Local Municipality,MP,DC30,5553.2904,30.486,-26.055478,0.3816866951339895,0.3955705260108891,0.43863313506250995,0.3260330712055179,0.5795916622213113,0.2923947539063366,0.5363684991051731,Chief Albert Luthuli,MP,B3,-25.23566899885876,31.08096092696442,Chief Albert Luthuli,MP,0.4214683346636754
NW384,Ditsobotla Local Municipality,NW,DC38,6387.0509,26.239306,-26.115314,0.7403753872062442,0.5421986270262842,0.4828707205548105,0.5913862081059199,0.6930917232527566,0.3450460817853385,0.4670369268755615,Ditsobotla,NW,A,-26.532852435751142,25.82557102927608,Ditsobotla,NW,0.5517150964009879
MP312,Emalahleni Local Municipality,MP,DC31,2677.6091,29.162096,-26.01795,0.2845923687894197,0.5331413892512777,0.01985147083780144,0.15573520685701803,0.26601614132020757,0.22167906437088958,0.36521719674101677,Emalahleni,MP,C1,-25.82283051638367,31.066535186309125,Emalahleni,MP,0.2637475483096615
NW383,Mafikeng Local Municipality,NW,DC38,3645.8596,25.672832,-25.886095,0.5958016542241736,0.6900269130348549,0.4153524313841042,0.3912414937909625,0.5767117372322944,0.43561485329005206,0.7101496053425937,Mafikeng,NW,A,-27.144398656615458,25.764659809173963,Mafikeng,NW,0.5449855268998622
MP313,Steve Tshwete Local Municipality,MP,DC31,3976.4535,29.551938,-25.836944,0.5147714805572375,0.35014822156393005,0.5011175818719114,0.32505927398820306,0.54431312412836,0.5792352258243287,0.1986006783592716,Steve Tshwete,MP,B2,-25.412931423976925,31.056954105728774,Steve Tshwete,MP,0.4304636551847489
NW374,Kgetlengrivier Local Municipality,NW,DC37,3973.149,26.864342,-25.723459,0.33578361848752913,0.21219616977121855,0.4003488298890862,0.2461831475953271,0.3617226372606503,0.2989638312438766,0.3916707756462915,Kgetlengrivier,NW,C1,-26.421733278624366,25.94820900040433,Kgetlengrivier,NW,0.3209812871277114
NW373,Rustenburg Local Municipality,NW,DC37,3416.1235,27.33145,-25.660908,0.37936885561778083,0.4025860462807321,0.22501381540618054,0.308298649037434,0.40302806152512405,0.2926449226699673,0.10234065279680728,Rustenburg,NW,C1,-26.368667014807258,25.99251896882805,Rustenburg,NW,0.30189728619057515
NW397,Kagisano/Molopo Local Municipality,NW,DC39,23827.221,23.765026,-26.118051,0.6750363849689002,0.3487259218025147,0.5863016058753217,0.3468182970861982,0.6244585423899119,0.26241261524499104,0.40798012736645617,Kagisano/Molopo,NW,B1,-27.149847393243878,25.894921696418724,Kagisano/Molopo,NW,0.46453335639061344
MP315,Thembisile Local Municipality,MP,DC31,2384.3633,28.951928,-25.470336,0.5367574489477106,0.4752776621182952,0.4548620879015278,0.33454913791321883,0.6071804524294896,0.448513380044801,0.34198966012640086,Thembisile,MP,B2,-26.436491717995644,30.341307943505196,Thembisile,MP,0.4570185470687777
MP314,Emakhazeni Local Municipality,MP,DC31,4735.5862,30.106822,-25.596921,0.573124820398978,0.533666579398156,0.5425750475805846,0.3189068764327668,0.770096255646019,0.3304889591526857,0.6294685101738937,Emakhazeni,MP,B1,-25.8166844029747,30.105216253345514,Emakhazeni,MP,0.5283324355404405
TSH,City of Tshwane Metropolitan Municipality,GT,TSH,6297.8332,28.443433,-25.659851,0.43265650017394625,0.22349476637807064,0.5571958142800473,0.5542427800023865,0.48309611984926465,0.09699202570407776,0.3603090273537002,City of Tshwane,GT,B3,-26.041752869163346,27.951356700793255,City of Tshwane,GT,0.38685529053449896
NW372,Local Municipality of Madibeng,NW,DC37,3720.0858,27.733651,-25.441079,0.5312287661177323,0.5858726200585606,0.6716445458820333,0.5870984194848599,0.7165203514958014,0.6761988984314824,0.444606991967813,Local Municipality of Madibeng,NW,B1,-27.204268020971554,26.153424820449526,Local Municipality of Madibeng,NW,0.6018815133483261
MP326,City of Mbombela Local Municipality,MP,DC32,7151.5888,31.096359,-25.432682,0.3130529441727025,0.1959898164075388,0.09968406665031619,0.2571109280644583,0.4017586797040244,0.5805139873257426,0.48008254255250665,City of Mbombela,MP,C1,-25.307337175292307,31.209585558487696,City of Mbombela,MP,0.33259899498247
NW371,Moretele Local Municipality,NW,DC37,1497.8569,28.039084,-25.176895,0.3448265529116267,0.20314951973072407,0.24126200483915233,0.23259355188792735,0.17849710377833183,0.6138296969874086,0.4719591046300404,Moretele,NW,C1,-26.77959243569003,25.901694120309973,Moretele,NW,0.3265882192521731
MP324,Nkomazi Local Municipality,MP,DC32,4785.3348,31.730322,-25.5024,0.5170582179218888,0.5841091261149837,0.6592845942177848,0.5006486761758775,0.5094603865400208,0.6608227151600359,0.4589794381100535,Nkomazi,MP,A,-25.88104555817081,31.073854226225478,Nkomazi,MP,0.5557661648915208
LIM472,Elias Motsoaledi Local Municipality,LIM,DC47,3713.3295,29.561622,-25.195959,0.5249420800617818,0.470311752420713,0.3175983204350296,0.6278973249685789,0.506084356440439,0.8005647385154646,0.32356661701531075,Elias Motsoaledi,LIM,B1,-26.00358626587004,27.47972803042123,Elias Motsoaledi,LIM,0.5101378842653311
MP316,Dr JS Moroka Local Municipality,MP,DC31,1416.4688,28.801472,-25.103883,0.6205840718046688,0.505252679522271,0.68164024223013,0.6684591071471975,0.6888557089309417,0.3268204496953894,0.2949115532935329,Dr JS Moroka,MP,A,-25.629337642469665,30.75340420667562,Dr JS Moroka,MP,0.5409319732320188
NC087,Dawid Kruiper Local Municipality,NC,DC8,44399.2552,20.831248,-27.072219,0.5202834688900855,0.5604367931033433,0.48254700590276306,0.6035163652111437,0.5886237366002961,0.471767219410534,0.9141313445662432,Dawid Kruiper,NC,A,-29.343847827857278,25.367892168160115,Dawid Kruiper,NC,0.5916151333834868
NW375,Moses Kotane Local Municipality,NW,DC37,5726.2273,26.866124,-25.133628,0.36380330044336456,0.3430624056602439,0.30079660757474913,0.523028606044312,0.36150554134735774,0.31026219866396487,0.41140288298977556,Moses Kotane,NW,B3,-25.682463348634464,25.756452914473744,Moses Kotane,NW,0.37340879181768105
NW385,Ramotshere Moiloa Local Municipality,NW,DC38,7322.8426,26.123477,-25.219009,0.33087884127605666,0.1749095050335255,0.26860729187444576,0.4701484842837204,0.33684170636531047,0.41929989358588826,0.44203298643931044,Ramotshere Moiloa,NW,B3,-27.082767638714856,26.250092282009984,Ramotshere Moiloa,NW,0.3489598155511796
LIM471,Ephraim Mogale Local Municipality,LIM,DC47,2011.3036,29.336692,-24.901848,0.1598233850381005,0.3103760783785626,0.3386233275484394,0.32360725521758993,0.29126912337680083,0.33712326430487494,0.29068916954910295,Ephraim Mogale,LIM,C1,-25.33961508441701,27.30890924231148,Ephraim Mogale,LIM,0.2930730862019244
LIM366,Bela-Bela Local Municipality,LIM,DC36,3406.1926,28.272026,-24.954036,0.6417471071092138,0.6249969496331972,0.64260389252182,0.38346892080592976,0.5519419560629264,0.5189727687979205,0.4013771519107986,Bela-Bela,LIM,B1,-26.61869911191373,27.702799823900634,Bela-Bela,LIM,0.5378726781202581
MP321,Thaba Chweu Local Municipality,MP,DC32,5710.4737,30.571077,-25.064391,0.6750415180793637,0.5493325976024009,0.7769779592999418,0.5287103390038972,0.64907532418844,0.6166414097496431,0.4795981761800632,Thaba Chweu,MP,A,-24.43138441878524,31.452996684953646,Thaba Chweu,MP,0.6107681891576785
LIM473,Makhuduthamaga Local Municipality,LIM,DC47,2109.6471,29.773772,-24.721565,0.1418932610764405,0.3021948882069078,0.23278533703785426,0.36517441164395714,0.19894457041852895,0.23796691930364966,0.21339657902288806,Makhuduthamaga,LIM,C2,-25.9626514557684,27.934456674656136,Makhuduthamaga,LIM,0.2417651381014609
LIM476,Fetakgomo Tubatse Local Municipality,LIM,DC47,5693.4497,30.220513,-24.600341,0.5036734150719687,0.5586978478989296,0.4569374965112908,0.4268554790033968,0.3436792419170788,0.2822270162673839,0.3958633247087722,Fetakgomo Tubatse,LIM,B2,-27.115452912923764,28.464148495784244,Fetakgomo Tubatse,LIM,0.42399054591126006
LIM368,Modimolle-Mookgophong Local Municipality,LIM,DC36,10367.5189,28.554279,-24.503767,0.5891128145923852,0.361025792691497,0.28619088849954233,0.30881629028848484,0.7293654815596359,0.6860336941921079,0.463279849006212,Modimolle-Mookgophong,LIM,A,-26.379008344037214,28.4017925096893,Modimolle-Mookgophong,LIM,0.4891178301185522
MP325,Bushbuckridge Local Municipality,MP,DC32,10248.1787,31.524555,-24.556741,0.3657623029208344,0.34376664640345966,0.5210789250039694,0.29699869594050876,0.46874014415848547,0.11472876504134691,0.20969057345440167,Bushbuckridge,MP,C1,-25.60353911817516,30.757818080979952,Bushbuckridge,MP,0.33153800756042945
LIM335,Maruleng Local Municipality,LIM,DC33,3562.6137,30.785641,-24.291507,0.12073692818832023,0.3489218005048032,0.48083216499148895,0.15873987166404513,0.4321425814828519,0.28429175453867156,0.4000660381323422,Maruleng,LIM,B4,-26.55233663143494,27.91019429308427,Maruleng,LIM,0.3179615913575033
LIM355,Lepele-Nkumpi Local Municipality,LIM,DC35,3484.2728,29.706098,-24.266025,0.33639138732645324,0.2164009028861866,0.21991759069698447,0.0819913159697548,0.4090118304307191,0.4786916442064626,0.4079025728860818,Lepele-Nkumpi,LIM,C2,-26.101104959029072,28.544608748355397,Lepele-Nkumpi,LIM,0.30718674920037753
LIM361,Thabazimbi Local Municipality,LIM,DC36,11189.9895,27.186483,-24.54369,0.26139885002732505,0.441639378453542,0.3494494150615174,0.1688968180842165,0.3696085140339287,0.285226193294443,0.19370762089272742,Thabazimbi,LIM,C1,-25.536156933866152,27.965431032636932,Thabazimbi,LIM,0.2957038271211
LIM354,Polokwane Local Municipality,LIM,DC35,5053.7229,29.38212,-23.891129,0.4646136971671761,0.3918106755820812,0.34168046214410736,0.2958714224420731,0.29307500661947694,0.3396519258888224,0.38561983940015027,Polokwane,LIM,B2,-25.82528305013613,27.857557966808713,Polokwane,LIM,0.35890328989198395
LIM333,Greater Tzaneen Local Municipality,LIM,DC33,2896.2427,30.253368,-23.835959,0.3235101577093105,0.4025048995861625,0.17785444259808963,0.26710525387630185,0.13368868686222016,0.12097195506846832,0.4935685340613186,Greater Tzaneen,LIM,C1,-26.130879283970657,28.380066542687928,Greater Tzaneen,LIM,0.27417198996598163
LIM367,Mogalakwena Local Municipality,LIM,DC36,6156.1697,28.693646,-23.846777,0.1369235183447051,0.29714248596331366,0.3532920889009244,0.07450791791131511,0.396267347233604,0.13606073545634528,0.44817535520128976,Mogalakwena,LIM,C1,-26.940268256282508,27.555933073133176,Mogalakwena,LIM,0.263195635573071
LIM332,Greater Letaba Local Municipality,LIM,DC33,1895.849,30.275132,-23.511513,0.39694239625194355,0.31282390226911067,0.41338210111114143,0.2234183581872751,0.5143418092445486,0.553027631508926,0.710289090569987,Greater Letaba,LIM,B3,-25.970307114141693,28.350976813110634,Greater Letaba,LIM,0.44631789844899034
LIM353,Molemole Local Municipality,LIM,DC35,3627.5704,29.536029,-23.498365,0.3507157200098509,0.6577230112597534,0.5413640855415613,0.48065761692534725,0.5530079641453155,0.44314619969106195,0.5905319571639646,Molemole,LIM,B1,-27.366808059924153,27.660867779922413,Molemole,LIM,0.516735222105265
LIM334,Ba-Phalaborwa Local Municipality,LIM,DC33,7489.5864,31.191549,-23.776941,0.3770940639426887,0.39493254600217403,0.4383453587320178,0.47729223396745263,0.6416729408220343,0.5985964777267812,0.4259862468191591,Ba-Phalaborwa,LIM,B2,-26.085394312942466,28.265032352800734,Ba-Phalaborwa,LIM,0.47913140971604395
LIM331,Greater Giyani Local Municipality,LIM,DC33,4166.6488,30.90019,-23.363837,0.6456108475508752,0.536954861841265,0.35542153613866745,0.593498055414368,0.5311266886144517,0.3861333554492722,0.5592841531463625,Greater Giyani,LIM,A,-26.17282320730481,27.764111983180833,Greater Giyani,LIM,0.5154327854507518
LIM362,Lephalale Local Municipality,LIM,DC36,13793.5136,27.797662,-23.676188,0.6739677635446203,0.5849170936488121,0.7764531580748433,0.3654585494463247,0.616566734220135,0.5104402819877133,0.7869369320744464,Lephalale,LIM,A,-25.523207055215302,28.046063329217056,Lephalale,LIM,0.6163915018566993
LIM344,Makhado Local Municipality,LIM,DC34,7605.0599,29.748677,-22.999575,0.20811232536688787,0.45447428874713114,0.07354054866865634,0.23612429812503444,0.5363977833864029,0.48123561955619176,0.5131375900172839,Makhado,LIM,B3,-26.33291939595769,27.941228916335934,Makhado,LIM,0.35757463626679836
LIM345,Collins Chabane Local Municipality,LIM,DC34,5003.1477,30.973361,-22.988609,0.3150078468033563,0.13128303811611494,0.22398851079342522,0.14072505437921093,0.3087268295664954,0.276900994367241,0.3845125176236053,Collins Chabane,LIM,C2,-25.785240478987962,27.003469814472922,Collins Chabane,LIM,0.2544492559499213
LIM343,Thulamela Local Municipality,LIM,DC34,2641.669,30.555385,-22.785681,0.6521175997317107,0.4717071738212351,0.4189034993337809,0.41795080306656696,0.639411855767233,0.5333243236768255,0.6078213866592592,Thulamela,LIM,B2,-26.396870586112286,28.260583627866055,Thulamela,LIM,0.5344623774366588
LIM351,Blouberg Local Municipality,LIM,DC35,9539.8888,28.75026,-22.967547,0.5117138303013716,0.48719301884862726,0.3983675377315896,0.6251457271734131,0.42617246122132,0.6056292742011387,0.29716392400472735,Blouberg,LIM,B1,-26.84823616403738,27.25890730127859,Blouberg,LIM,0.478769396211741
LIM341,Musina Local Municipality,LIM,DC34,10346.5454,30.050771,-22.452444,0.6485191187059355,0.4713497867942999,0.5221145311063937,0.6162367547649436,0.6349472132287407,0.7747298530713245,0.46680648347435527,Musina,LIM,A,-26.101611951671522,28.41026423770871,Musina,LIM,0.5906719630208561
KZN276,Big Five Hlabisa Local Municipality,KZN,DC27,3470.1233,32.196397,-28.03429,0.6570657941638066,0.45556109528981253,0.399401615415788,0.34607494439318454,0.40879720048720686,0.5775697992477767,0.33647291327025397,Big Five Hlabisa,KZN,B3,-29.393118155016897,31.534235777994517,Big Five Hlabisa,KZN,0.4544204803239756
