MunicipalityCode,Demographics,Finance,Governance,Health,Infrastructure,Poverty,Safety,Municipality,Province,MIIF_Category,Latitude,Longitude
BUF,0.7676286801712755,0.452687804520229,0.48324612214767104,0.5475479438485064,0.6552638584830555,0.7238167923752745,0.6520603427450441,Buffalo City,EC,A,-34.49438152716142,25.280124233625127
CPT,0.2157609131340359,0.24110850289503158,0.4716370260866355,0.3916168562812394,0.49669050007278565,0.3586087883530293,0.2661543822244438,City of Cape Town,WC,B4,-34.47817383013267,18.253110539923934
DC1,0.24175170530747536,0.3706775119096115,0.36372588385796295,0.4037159412739833,0.36648680248312376,0.37043566189440563,0.490626886982636,West Coast,WC,B3,-34.43606651071343,18.75719824131533
DC10,0.263447192348997,0.09771049201716246,0.23692595348404324,0.28528221943449356,0.22724672300367774,0.27392049486668457,0.24091520944951667,Sarah Baartman,EC,C1,-34.363287970702764,25.405095098422116
DC12,0.5358444492781864,0.41223750245182433,0.3150285488482324,0.49009834062439406,0.4486810066053987,0.23917075613378697,0.2454659590787159,Amathole,EC,B4,-34.588343073778155,25.917575473407204
DC13,0.2905085109671673,0.38376431943899086,0.38344609967006227,0.42372021507803476,0.17973023064703617,0.2516501509235361,0.1978073988054644,Chris Hani,EC,B3,-34.011111348549385,24.864596852748672
DC14,0.47910421460944247,0.2472860361272102,0.42179035620628613,0.42733674515835585,0.33864366618511393,0.24245754805348668,0.07176351038838939,Joe Gqabi,EC,B3,-34.40778954060377,25.7567569237251
DC15,0.22922607361393335,0.26950487956029495,0.22272594904515722,0.20069708654236673,0.2238399099440349,0.3212190034211597,0.30426554960779084,O.R.Tambo,EC,C2,-33.48093671605281,26.598365445845893
DC16,0.19294721956980676,0.2717198528026265,0.3390477423258039,0.42841091023638644,0.3811191371518614,0.4196028705418122,0.22585028802511606,Xhariep,FS,B4,-28.424359200965057,26.378384864853565
DC18,0.34087380551750207,0.42143543315374127,0.5521114578551222,0.517265094789803,0.6430558622837442,0.18857556691111885,0.685043321069834,Lejweleputswa,FS,B1,-29.009406530211812,26.360923816535625
DC19,0.4058530368271193,0.39998368069711204,0.4826205001614735,0.22206435271414307,0.3417350270701718,0.29817428964706577,0.21442245233402943,Thabo Mofutsanyane,FS,C1,-28.567061720350406,27.25795127117801
DC2,0.4458456449316684,0.424236145092643,0.476082445241246,0.22357284388580423,0.5273818817440118,0.43334002120372983,0.6028991393102529,Cape Winelands,WC,B1,-32.901351734626004,17.811692640285347
DC20,0.31355858727646635,0.3188000553816484,0.2649661836358608,0.3178451523071135,0.2982394956816963,0.3272345514714827,0.5382928407502086,Fezile Dabi,FS,B4,-29.06319635886978,26.81531574629721
DC21,0.42307855736567257,0.5807672995746361,0.5339783983135986,0.3060688159036713,0.5998452114130616,0.3817984607936003,0.3648609549371717,Ugu,KZN,A,-28.753415845534704,31.786677451237622
DC22,0.30638111168784893,0.27502425415281395,0.3689783697079498,0.27529378603992616,0.45170430080098606,0.3243646972816926,0.3272837019501298,Umgungundlovu,KZN,B4,-29.60707672372175,30.618471395152618
DC23,0.38739105843853205,0.3403469610186772,0.23981986406892292,0.32897417392252115,0.32200252520094036,0.20532619718724432,0.28532363305306807,Uthukela,KZN,B3,-30.35620573599171,31.595571476544432
DC24,0.5522774654529116,0.29798413918435807,0.5240128718200736,0.1920644799981298,0.34468681206731505,0.09531874974258059,0.26669854767872353,Umzinyathi,KZN,B2,-29.66862538742643,31.240071701695804
DC25,0.3841228450242378,0.41989820316041754,0.5127492914476917,0.34573144231269665,0.42945332930160873,0.43063683595699914,0.379782173564437,Amajuba,KZN,B1,-30.672292993487098,31.463719240779092
DC26,0.4107251792698012,0.42968800447368655,0.335916492503465,0.509164436420372,0.3963863654441262,0.2164380905731664,0.3402835875805834,Zululand,KZN,B3,-29.57278983089282,30.44478465779276
DC27,0.2824534301053711,0.401306978703232,0.4555138342812656,0.3537349749784153,0.16057954676063263,0.4265068483414108,0.2706407064483345,Umkhanyakude,KZN,B4,-30.035762403724974,31.13185860217826
DC28,0.23997122694557058,0.2927349776042913,0.15502379858270188,0.2639746917447261,0.2630944417040596,0.2860370621925096,0.4014728182009758,King Cetshwayo,KZN,C2,-29.77376660082188,30.853914407098223
DC29,0.45754241714522853,0.23897233072415947,0.3353052188949447,0.41159814825838736,0.376446464355119,0.26212600323707874,0.3912047208955194,iLembe,KZN,B3,-29.85174413403298,30.874011310896556
DC3,0.32555605298259493,0.3709589168209069,0.29685538356850383,0.34383184268538264,0.6955890781391019,0.3644729431732878,0.43553794764603193,Overberg,WC,B3,-34.3187317020426,18.517724184154964
DC30,0.29781570685029074,0.31012417311089296,0.08586479857721468,0.39793665945701207,0.530653291299519,0.2657527238258755,0.32418620916096597,Gert Sibande,MP,B3,-25.702500356404364,30.63304988081322
DC31,0.2678940369443536,0.3356469842630369,0.2877331747358681,0.3481158423815564,0.5285512547896247,0.29074198017218744,0.210468916395988,Nkangala,MP,B4,-25.934876205644844,30.57285836165622
DC32,0.6288690745186818,0.7447764998411776,0.4110589907347111,0.804722290799187,0.6371601994572426,0.7491140915074948,0.6783225967972651,Ehlanzeni,MP,A,-25.18605477965254,30.805377829531796
DC33,0.3912120521079476,0.3218138168160249,0.07964887273082479,0.18655610234287268,0.19685920698336912,0.08733912508458978,0.23146225243108332,Mopani,LIM,C1,-25.545224657569737,27.198870229470536
DC34,0.495046230560384,0.2633092477119637,0.29761841301278313,0.3747744817641914,0.3375770233619333,0.6871018182349785,0.333648152925512,Vhembe,LIM,B4,-26.82582360705307,27.199361031440574
DC35,0.4039707152453416,0.4302748824201317,0.37975264508725104,0.16008153533281155,0.4814936883524729,0.3316570198801666,0.34355876838388894,Capricorn,LIM,B4,-26.59706814501271,28.2198183030085
DC36,0.5843382287089562,0.30039216459384455,0.5494730186120245,0.5384131762911369,0.4795186948067567,0.29679496142893025,0.15474987473352278,Waterberg,LIM,B3,-25.937906078593613,28.138137089664276
DC37,0.5216034927131484,0.4144746085808773,0.7681085282365403,0.35087569185458845,0.48409552017976415,0.5463073147943704,0.48673286554109774,Bojanala,NW,B1,-26.126093669633217,24.602869847549766
DC38,0.27176321691116573,0.2792757021203196,0.40017958453468594,0.1481312577300758,0.4615234748547656,0.2333176207644065,0.44188002114993075,Ngaka Modiri Molema,NW,C1,-27.093282887552082,24.95676592438295
DC39,0.12806847146649275,0.0950045268581396,0.2182237656051095,0.26699715767731835,0.19087136789718043,0.3813508446604138,0.0626790001692607,Dr Ruth Segomotsi Mompati,NW,C2,-27.113114733181977,25.923832950554473
DC4,0.35372625772821814,0.3037599564604314,0.3470956518047307,0.2848432697350363,0.48859229603595433,0.17958822562705334,0.37238664682307226,Garden Route,WC,C1,-33.09444192575019,17.788812843730046
DC40,0.3285697877807415,0.623474173351625,0.39980647694033666,0.5460932243338467,0.5200364155128813,0.4724336267123461,0.6442610908353886,Dr Kenneth Kaunda,NW,B1,-26.789613312724878,25.67331121552599
DC42,0.5987549385352827,0.26084985252404097,0.13800091177911783,0.3649068792581101,0.2913679481289677,0.6288015653212765,0.5065139038916371,Sedibeng,GT,B2,-26.029222224529743,28.864348822202796
DC43,0.5760842660272574,0.5844595504960647,0.3943960763517266,0.5192743478659197,0.555810462229157,0.243547188636712,0.3756935142008954,Harry Gwala,KZN,B1,-29.723718743948766,31.73574598649658
DC44,0.5286020670289098,0.4949546614669595,0.6364620279578006,0.7514455757587771,0.77856941643146,0.667961046580546,0.5580920938278167,Alfred Nzo,EC,A,-32.44306876699633,25.807204716638
DC45,0.6569107929365312,0.35834513225858133,0.25694219156418263,0.2817786374872186,0.3871452284540639,0.3973440722628525,0.2303071115380804,John Taolo Gaetsewe,NC,B4,-29.069629241942007,25.23192576636718
DC47,0.30184848293156563,0.17606250964799033,0.45397455350618565,0.39646610574501984,0.16189418246303175,0.24331002280802883,0.5325689600778318,Sekhukhune,LIM,B3,-26.906382941946184,26.844948281683678
DC48,0.20877922557240036,0.2578701087556636,0.18395903195235708,0.4664775920033908,0.19253149028813552,0.06266167978901446,0.15559177973949603,West Rand,GT,C2,-26.693428539214118,27.877361077028944
DC5,0.7489989778580854,0.6463069509530953,0.606451569287555,0.5053807577213276,0.5542132754930801,0.7214911648449702,0.8561439989301753,Central Karoo,WC,A,-33.775481938846525,19.310649425406552
DC6,0.45007294704420553,0.3922860125715763,0.3949398381803796,0.3677471045548732,0.38602155816758604,0.5703093528915028,0.5050282053170756,Namakwa,NC,B3,-29.4709691130712,24.703169531181132
DC7,0.1835385963972754,0.21821828146815359,0.38750048929112213,0.10232520465484377,0.4151384331703456,0.2077103782015417,0.3810389273205771,Pixley ka Seme,NC,C1,-27.601163136702084,24.811539871312636
DC8,0.656541963642174,0.5253182729181528,0.31589012870377603,0.4176456663252942,0.6563860125594388,0.47203542121012426,0.4855016271771815,Z F Mgcawu,NC,B1,-28.183392746696914,24.745760089086602
DC9,0.13022969416044616,0.2551776927911486,0.18955042084647805,0.16122812127667288,0.37928581455446664,0.19104457546321182,0.2265915316741398,Frances Baard,NC,C2,-28.609611452335102,24.671608402803653
EC101,0.5125718911444935,0.21059326867838513,0.22326210304800567,0.4289660651306745,0.3150871144589918,0.6530256871472941,0.45945912898603103,Dr Beyers Naude,EC,B4,-34.39476906001593,24.533976859634347
EC102,0.42816371393111236,0.5360351175871468,0.5298104078036975,0.31982415510497075,0.659230661028071,0.4547462719628516,0.28262816854380823,Blue Crane Route,EC,B1,-33.76614426882808,25.193529452344837
EC104,0.5245314199238056,0.46638849837864416,0.5381442629864532,0.5851612175205889,0.7944293763259452,0.7262330203956764,0.41704730016769176,Makana,EC,A,-34.10767863008984,25.2939516004701
EC105,0.3304903586662515,0.3317151676838882,0.34896918305801716,0.07859659128798739,0.37625556880669625,0.46805408235262286,0.20123507976594318,Ndlambe,EC,B3,-33.97039544320819,26.132990115393824
EC106,0.3607067718224371,0.10982914094471423,0.2264045464321937,0.3483813734364339,0.26415034088134615,0.5437878964105658,0.4023612930056847,Sundays River Valley,EC,C2,-33.82147571627733,25.520682581480656
EC108,0.5654813804915991,0.3164203690991209,0.04386470447261238,0.3174691332408388,0.3132199002930472,0.30657609991438406,0.24270069488191037,Kouga,EC,C1,-34.4178268764129,24.762658527647822
EC109,0.24433372930527708,0.26321676461747373,0.2382473064180643,0.1620330905118577,0.24976285449644764,0.2535653307804981,0.1810927424852322,Kou-Kamma,EC,C1,-34.143153954536665,25.573108724590842
EC121,0.36677944458889095,0.3518524178868398,0.3425830858851573,0.13616217452579285,0.07587070386367473,0.10638469358307245,0.24639642050110255,Mbhashe,EC,C1,-33.01603504321006,25.665137260736444
EC122,0.22531379664594706,0.33811931204947315,0.35448644145098684,0.15413077663212113,0.25293018383958316,0.45198128214021294,0.10840726599075134,Mnquma,EC,C1,-33.40863024448847,25.350352200730427
EC123,0.4851722200376282,0.19181878677615913,0.34551889736954566,0.48699886859005453,0.6667293863347865,0.3305406285357058,0.3991173189072207,Great Kei,EC,B3,-34.49247188320851,25.117441618883817
EC124,0.6914865996358577,0.5556044191400497,0.5420089474638526,0.6216512362477526,0.8243727283838435,0.6682387315011338,0.7078624184295714,Amahlathi,EC,A,-34.26261303226787,26.664234866217583
EC126,0.353119913944048,0.2582742556356247,0.17162345450387487,0.288195500156139,0.29830121400856685,0.4499993352666902,0.44872348850003774,Ngqushwa,EC,C1,-34.31069333961219,26.019244601868174
EC129,0.28604350012739843,0.36667393481500676,0.44030019393593334,0.3476547935596596,0.44502825141034724,0.3361959451167944,0.20421648625240296,Raymond Mhlaba,EC,B3,-34.35146358904351,26.065786506437124
EC131,0.34930935664834534,0.34107536744742734,0.43434006295347716,0.5988307585481981,0.39505021942850266,0.5999544800562714,0.39912498577004096,Inxuba Yethemba,EC,B3,-33.70752451694707,25.521681051170955
EC135,0.4921254147302713,0.4891943878380774,0.1618332982558075,0.3036388129226464,0.44745980937690016,0.4600363705808892,0.5148353452200884,Intsika Yethu,EC,B2,-33.92038126306772,25.272606152285306
EC136,0.4021848966775992,0.5548951647408542,0.5686399248188418,0.24587902033476033,0.5819398761181966,0.23551852205925294,0.5688630308030137,Emalahleni,EC,B1,-33.67696389925896,25.372508259829612
EC137,0.20109138759679687,0.2607454572075977,0.1745403958684553,0.15299786389649123,0.2950860535324608,0.3907356922267793,0.10188772317841624,Engcobo,EC,C2,-34.51280288188362,24.96103121284019
EC138,0.23087112299311008,0.39945077956944314,0.20667264968886423,0.36645330040468965,0.401766741391341,0.3330765381436801,0.34437640701384714,Sakhisizwe,EC,C1,-33.813706041138936,26.38954562820522
EC139,0.39321249442537104,0.1476620769255351,0.3416283643881449,0.4750591372703769,0.27097704417683716,0.4757211323855426,0.4892876822947084,Enoch Mgijima,EC,B4,-33.82000419321328,25.54068083694506
EC141,0.420525301263847,0.36710240969709623,0.6061225300991255,0.4320898600255254,0.32053480634707393,0.5150068443187781,0.6212767795903892,Elundini,EC,B2,-33.757086930198724,26.253000870853413
EC142,0.44455513533137436,0.2375671236295315,0.38378729629407904,0.13070893935824868,0.3278710521579788,0.5022105650012618,0.2684072019754019,Senqu,EC,C1,-33.79030874931807,25.394536384583134
EC145,0.3180682783622047,0.33154513296672544,0.43409344998158983,0.15235230699952645,0.4033118240960964,0.5325854640712688,0.26635596422164637,Walter Sisulu,EC,B3,-33.346855644970056,25.814378219230807
EC153,0.45954582203765854,0.22569745068464675,0.46269943701780747,0.43511924470734836,0.4237150550182089,0.32454678171200435,0.4353729516766547,Ngquza Hill,EC,B3,-33.132122004002,25.691617218610954
EC154,0.4316074018336958,0.25911991690036146,0.740450260358242,0.1857513650753581,0.4840070361659227,0.2270930109238935,0.2015924215142169,Port St Johns,EC,B3,-34.51223451586025,24.915920400377168
EC155,0.3584457396001344,0.30665543399567596,0.5010364078252532,0.34159971140407003,0.3199764887658921,0.519666792387594,0.47791243252339954,Nyandeni,EC,B1,-33.07453603388437,26.46183286039165
EC156,0.4975265154752655,0.6516748002548037,0.3804587973531439,0.3250441222197401,0.7894827959159828,0.9384015847029801,0.6086771768891557,Mhlontlo,EC,A,-33.9897596066413,25.40840633943201
EC157,0.3662758134190864,0.5800528449426144,0.09378178086561925,0.16184621822383183,0.2635348930925146,0.31027458618635373,0.07494490699238607,King Sabata Dalindyebo,EC,B3,-33.169277853878896,25.046477158978256
EC441,0.41598131302254143,0.2734493164305374,0.17217483472471795,0.06822168085214682,0.28365980648711214,0.3387327822228564,0.1293615087119063,Matatiele,EC,C2,-34.34736350947791,25.921663397344524
EC442,0.6629902859210082,0.6902136707050562,0.5901368875629303,0.34290753113601413,0.7698616978714533,0.5324191097192073,0.5075665340980113,Umzimvubu,EC,A,-34.09730256142979,25.597439066639964
EC443,0.17505172089487323,0.28013479430246596,0.3341570287710477,0.19665575414465106,0.44522473525751316,0.2630771740483842,0.21662949940056075,Mbizana,EC,C2,-33.98172144926225,25.768787274399468
EC444,0.45621437615900634,0.38006578988611767,0.15924531581978998,0.09932576688071224,0.3017546715648965,0.3736820079051876,0.3635978674672522,Ntabankulu,EC,C1,-33.19625906934314,25.645292453450875
EKU,0.43242175460073673,0.36832567208424444,0.38463393925447187,0.47583513446173,0.32370610975521147,0.3555745562508337,0.349289318081468,Ekurhuleni,GT,B2,-25.811331211969126,28.217383037233308
ETH,0.5664761194469278,0.07816996225107008,0.3157948641403739,0.2573487055483712,0.23595998142599048,0.4682026849678979,0.35576665694115994,eThekwini,KZN,C1,-31.08332922046565,30.881574867745158
FS161,0.36596845246063703,0.6180595085148161,0.3440871183080229,0.2141294385627235,0.5601144509196239,0.23717245873265094,0.5500196293388314,Letsemeng,FS,B2,-28.642084716666787,26.63616345281902
FS162,0.5828131864069276,0.6955355815096107,0.5578695179435091,0.5753105073280583,0.5004455149587076,0.48394802598675835,0.5003214497748694,Kopanong,FS,A,-27.898621087347696,27.069057718501963
FS163,0.29752235606688876,0.35642034093534775,0.24180649211199184,0.3767455528703864,0.4357988926073266,0.3660227657805775,0.21677961019196235,Mohokare,FS,C2,-27.731300946278626,26.72274716037505
FS181,0.4317928640309363,0.33684715531154,0.36131423599507995,0.34962606818444897,0.599924406398301,0.13422034326330434,0.23650694116579055,Masilonyana,FS,B3,-28.74797130583535,26.68807059155975
FS182,0.14286417418880606,0.44435072801988734,0.4353375189484843,0.24350176212137142,0.3764555080829148,0.1434324029506002,0.3342933301419839,Tokologo,FS,C2,-28.278751604364388,26.888286679226855
FS183,0.4779787945326503,0.4223406248245564,0.19079957096654154,0.02769947345912725,0.32460365699733873,0.0734428322341314,0.44517235434846386,Tswelopele,FS,B4,-28.942194036116682,26.845244890813937
FS184,0.41054874620487825,0.3509228700892888,0.222182887437479,0.2626270060272225,0.31574879399497796,0.3852890766350846,0.18133985727594848,Matjhabeng,FS,C1,-28.285885834930546,28.058737018766962
FS185,0.1782102869622377,0.18662472232825553,0.1873475429281784,0.39046004605213075,0.23852371062403013,0.1648863270196122,0.3083586220229961,Nala,FS,C1,-27.461577694359164,26.37337832472059
FS191,0.6337902470101747,0.3427419710858189,0.3914494387052625,0.15295315680637425,0.49038157187501774,0.5638307779458746,0.23410575305553893,Setsoto,FS,B1,-28.543691680774586,26.0682789990815
FS192,0.5711450600863671,0.42847857645583637,0.46276322879648757,0.29481279442736574,0.418389131068122,0.5196067476517878,0.4771618198353901,Dihlabeng,FS,B2,-28.695353506981743,26.95780250179517
FS193,0.49102625140016776,0.3288372272077849,0.5015801822085653,0.18804278191543344,0.22233229140320795,0.24974121707279034,0.2481109235194822,Nketoana,FS,B3,-27.79707318955588,26.435458081128196
FS194,0.3644541353318666,0.2719829338051361,0.11232727709942192,0.32038883972144294,0.21765858917969025,0.29006842263925436,0.4079765047214887,Maluti a Phofung,FS,B3,-28.727073220033898,25.726355485130675
FS195,0.49792306646329837,0.53896234453356,0.40342207678409014,0.49828428148598036,0.742338572759639,0.18576974655452855,0.3923517080755714,Phumelela,FS,A,-28.481332960272454,26.26879279407022
FS196,0.39301104962052386,0.3864224610160188,0.3021035391169733,0.42953709442960747,0.5838214684106954,0.35665577636301404,0.4434320038454506,Mantsopa,FS,B3,-28.664719713683034,26.361569610916206
FS201,0.48776157268018583,0.5329730846308074,0.3164647702216115,0.4917403205202423,0.531184711138428,0.4541133315203505,0.6016919790567832,Moqhaka,FS,B1,-28.447131277126278,25.921135804321686
FS203,0.49378963629913347,0.3700141086069089,0.28046632552178613,0.23596859152987015,0.18482662801831737,0.2562343859832838,0.18834226332331508,Ngwathe,FS,C1,-29.133522622695494,27.86462355601415
FS204,0.23399967204404015,0.4204372379298478,0.5551617552991231,0.2001444346843107,0.3903541401272727,0.2673483248178635,0.23329820607576282,Metsimaholo,FS,B4,-29.043711290637013,26.25160721077268
FS205,0.28358965867779945,0.20635830883240666,0.340482244857618,0.2608751887535552,0.31434727084528796,0.13535760801174773,0.12972609868931562,Mafube,FS,C2,-27.481543235839343,28.252533584620203
GT421,0.38408786117756755,0.4198973063278979,0.27628255794306,0.47649038637463825,0.4416021307080967,0.647221663955343,0.3203018631935357,Emfuleni,GT,B2,-26.38807803561505,27.93308851774198
GT422,0.09667157093467317,0.36383306699862744,0.2688994745376645,0.32845450727305003,0.17328612235325494,0.28207530691379634,0.14396466207245487,Midvaal,GT,C2,-26.88744790418499,27.88091312801267
GT423,0.3572014478571903,0.39644486726687456,0.3438784412374357,0.4027211138942167,0.5524512348258811,0.35804674165059913,0.2214083313659328,Lesedi,GT,B2,-26.333193745004476,28.116084944813128
GT481,0.5102734063485533,0.42044147679040583,0.5618669332002367,0.5928634518864639,0.6501655286708502,0.6109234705134455,0.19408708093179522,Mogale City,GT,A,-26.477663609409507,28.23576926127257
GT484,0.4172449791821669,0.4018833133032076,0.4112603473258588,0.46738361440502163,0.5079749219966337,0.3504331494044457,0.44341590591797997,Merafong City,GT,B3,-25.693642091090084,28.077714663834232
GT485,0.2549375021457405,0.30619383169482545,0.16106815522921736,0.19528998292765268,0.3821399420175915,0.22436766222505747,0.06628217820844381,Rand West City,GT,C1,-26.024121795800397,28.026577673788935
JHB,0.45690575344176415,0.4379430260658615,0.5632882278383835,0.3639526937682263,0.57961785171341,0.6069769056040345,0.500015694589989,City of Johannesburg,GT,B1,-26.199957803454293,27.639220983228576
KZN212,0.20967420518025615,0.2574062519126355,0.47424953854594354,0.3622059263370965,0.25238221973676334,0.1110444611104626,0.23372813991831817,Umdoni,KZN,B4,-29.711743789313775,31.14799699484355
KZN213,0.2618300256973605,0.3962823710665096,0.09817710864762066,0.08235639439601454,0.46658918874184624,0.4851552332361241,0.5008436222853164,Umzumbe,KZN,B4,-29.985957290660647,30.121639108760707
KZN214,0.5847539858380663,0.634234336220118,0.6326607134474518,0.5239923219367522,0.6061233374401339,0.6712611585566952,0.5820300088343902,uMuziwabantu,KZN,A,-29.636002258142945,31.86367510708209
KZN216,0.4224565562027703,0.5372239817728953,0.39768535771233826,0.5388656110903219,0.4983191506424948,0.5329186057535379,0.3799550506045044,Ray Nkonyeni,KZN,B2,-30.56693070245807,31.431914006849095
KZN221,0.45259453992431325,0.20827246253848863,0.09092485596621475,0.23407885912572143,0.48888244986063917,0.28026596406041754,0.34436455638267793,uMshwathi,KZN,C1,-29.96426261156145,30.969337827085575
KZN222,0.3645921780286052,0.2737275295839699,0.13224091272844593,0.599361115319469,0.25668377705751577,0.39730523445540533,0.08914885988385984,uMngeni,KZN,C1,-30.326449255351974,30.83277191382206
KZN223,0.2148081730767485,0.41900572821157245,0.3019811349171837,0.09747327910750146,0.4900064732969939,0.5978725176903842,0.21173340323515638,Mpofana,KZN,B3,-29.14997770265052,31.291327620993854
KZN224,0.5086907971616913,0.20130463594542047,0.42307480507261475,0.13935395629788494,0.1846767794640538,0.2593921090143837,0.27343312769691597,Impendle,KZN,C1,-28.933844197295027,31.588705944488847
KZN225,0.272814343392172,0.5389351202500835,0.20013762109618277,0.24538308332313902,0.3888794802676367,0.19824548913151882,0.08040914192394366,Msunduzi,KZN,C1,-29.580456660535212,31.871967263083896
KZN226,0.32030157060591596,0.5940858004811403,0.30788617765829907,0.42953945047521874,0.5514978831207271,0.19595321181980702,0.3203989238099334,Mkhambathini,KZN,B2,-29.58050342063085,31.41399408839853
KZN227,0.240357180990437,0.08804734175641044,0.19399758344968784,0.11826674106763341,0.2927435817923387,0.33860069508838503,0.28789570179939294,Richmond,KZN,C2,-29.948285476767357,31.033272907929604
KZN235,0.5487037819116224,0.4480370695015294,0.3724100119029776,0.2018796419467552,0.3078788035859151,0.5558824793348014,0.41938778498936374,Okhahlamba,KZN,B2,-30.14871191165014,31.494791967297427
KZN237,0.4234881724834499,0.44287095377175745,0.3770875426173114,0.49098977901719887,0.5423442617559425,0.6015071728681698,0.7515441840088488,Inkosi Langalibalele,KZN,B1,-30.389151811557433,31.39117517120883
KZN238,0.5206043199158003,0.38675803317456464,0.45875251465169375,0.1581232602454103,0.4965763348436239,0.2503267491853899,0.322258777796798,Alfred Duma,KZN,B4,-29.89532552875258,31.58562354673366
KZN241,0.43631280273661055,0.38826408591109246,0.4098413918305093,0.45526596369401046,0.5524622160164769,0.3385929052931437,0.48726237683563023,Endumeni,KZN,B4,-29.42456550563437,31.9103230788234
KZN242,0.30393411204291937,0.42616497988488056,0.7544714908978096,0.75325809110375,0.8322515781472535,0.5151298795231732,0.744182547434479,Nqutu,KZN,A,-29.43461265443068,30.21397987217338
KZN244,0.20757042233884904,0.39242436068208614,0.3111218190344845,0.2670378950327664,0.2924634323664361,0.40062561728688745,0.09219380545982162,Msinga,KZN,C1,-29.833476586449102,30.41399640370259
KZN245,0.7701023220104779,0.7831677047611096,0.5487126326998907,0.3911764988041474,0.4759021562635293,0.3480834979355728,0.43767705820655545,Umvoti,KZN,B1,-30.05913992118314,31.75561421663836
KZN252,0.23554620114651095,0.19167931779737835,0.24776874020742598,0.19667363812603297,0.2955830259922836,0.2841916083873707,0.3849983655854348,Newcastle,KZN,C1,-29.481233094551154,30.650534785710626
KZN253,0.4308793198892607,0.537939487113128,0.27898360672679395,0.37387111241283455,0.5170531332482938,0.6857725214984198,0.43568359854242744,Emadlangeni,KZN,A,-30.3068586832202,31.01639104643813
KZN254,0.3071618789086566,0.26414397291868835,0.38565204923238205,0.1350703794045913,0.2066712935449995,0.2720888496776973,0.3891602993971737,Dannhauser,KZN,C1,-30.408280074690566,30.66442986130171
KZN261,0.396395946210993,0.2148020862415032,0.22081152111654187,0.36201438512705875,0.4153144297300619,0.09315598776008915,0.2759987467971303,eDumbe,KZN,C1,-29.64399526422438,31.577656018053347
KZN262,0.5672985530256532,0.2634603993782609,0.06390150564982269,0.22701157676679445,0.3167806365205917,0.25002342163809216,0.32035248179990655,uPhongolo,KZN,C1,-29.495619263887782,29.85435524570095
KZN263,0.1645548012471093,0.4357245013358159,0.17278457613844417,0.28802163563742156,0.18212490710183693,0.28363678351383825,0.2999111948919447,Abaqulusi,KZN,B4,-29.647816635484872,31.03601678661629
KZN265,0.42979228842303846,0.35856624873454224,0.34845597431032466,0.450375092795952,0.5061792829173233,0.46667087507212257,0.3886744552752439,Nongoma,KZN,B3,-29.593054857313653,31.808104840825603
KZN266,0.5384548664683154,0.4415787393895351,0.22798838295539436,0.5026867259479949,0.33370977295591375,0.4903018147775482,0.4483971444467074,Ulundi,KZN,B4,-30.831619138402374,30.704448287404446
KZN271,0.6694837400687218,0.4735874343257443,0.4066034648300201,0.24811509949656124,0.5023398214515046,0.6221981380927913,0.716259740860716,Umhlabuyalingana,KZN,B1,-29.504546838603325,30.20920280027303
KZN272,0.4088351458698997,0.2840797966249759,0.32906357755439375,0.3464668568166096,0.3854555148613543,0.20792086058799125,0.2907504768023208,Jozini,KZN,C1,-29.062025475973247,31.18417830635033
KZN275,0.4744484478409921,0.2135109659451183,0.3925845257869356,0.2540840896898666,0.2181081849244119,0.374578401135061,0.6535146875721307,Mtubatuba,KZN,B3,-29.3767080070783,30.714528169239102
KZN276,0.6570657941638066,0.45556109528981253,0.399401615415788,0.34607494439318454,0.40879720048720686,0.5775697992477767,0.33647291327025397,Big Five Hlabisa,KZN,B3,-29.393118155016897,31.534235777994517
KZN281,0.48695040623813624,0.5285469373108808,0.14198878711723412,0.45618197915395486,0.4799124733043099,0.4641680702943867,0.48833428002365187,Mfolozi,KZN,B3,-29.683560989931415,31.117200446349347
KZN282,0.3588779415669375,0.4613800674284351,0.36878611991749105,0.3930029922469893,0.5648445814129285,0.19359860517118072,0.09282515310250278,uMhlathuze,KZN,B3,-29.664828380359136,30.56832736763031
KZN284,0.3994589443044516,0.5646024711443901,0.4663013780587552,0.4474759238263789,0.6531370784968185,0.7317411434222025,0.8328504299587687,uMlalazi,KZN,A,-29.87376434012018,30.92373873377382
KZN285,0.5271351248101563,0.5746067839979029,0.6855934491730797,0.4149756604564342,0.8158532036232962,0.5674159381002584,0.6101805524971721,Mthonjaneni,KZN,A,-29.608303067823254,31.499912123455147
KZN286,0.6325468440759747,0.38324549726902407,0.2804319072848752,0.4460712274336371,0.4196199329722976,0.40362743996278394,0.30916368535901284,Nkandla,KZN,B1,-30.329268040989206,30.937495484840213
KZN291,0.5360270789352684,0.6679203211575494,0.6975690191319075,0.6721022359211446,0.5745131133455849,0.588575814752964,0.4482520732810458,Mandeni,KZN,A,-29.059272226170513,30.62820588559372
KZN292,0.3867767871597538,0.3222505699470069,0.41377526440291584,0.3004794661020389,0.20379596579006143,0.15366926997831343,0.5998324677035805,KwaDukuza,KZN,B3,-30.211125008645162,31.101153095915596
KZN293,0.37220268788105176,0.35389560109214946,0.20230978968008673,0.2814794482173523,0.44409606255550244,0.2955276467955592,0.38972745571640377,Ndwedwe,KZN,B4,-29.37780740475734,31.00571302778033
KZN294,0.362002184194311,0.2945203738786873,0.08706581017347433,0.20615345224706466,0.3800502869420455,0.23546584208654814,0.3866474211530099,Maphumulo,KZN,B4,-29.135519704781505,31.428396991283265
KZN433,0.4751828317695221,0.5488811396357122,0.3018858983742515,0.27991168126949884,0.31339882385568985,0.3553723045236603,0.585576293898701,Greater Kokstad,KZN,B3,-29.379089966554968,31.277058250662048
KZN434,0.33785360477503534,0.2787277372524028,0.15373967536963135,0.07596281654742053,0.3111360048732468,0.4341691577028698,0.31420712386301497,Ubuhlebezwe,KZN,C1,-28.63617344982696,30.89741915556698
KZN435,0.4280495673060769,0.3220765334020264,0.3506238709542654,0.33967700849733895,0.5937193691610023,0.6775532721584758,0.42098838635060304,Umzimkhulu,KZN,B3,-30.801761146033257,31.80212718075857
KZN436,0.6861213727711064,0.6309099145887999,0.5253353551407345,0.6552594299572947,0.5973908329272049,0.4415741990190267,0.5953737716547294,Dr Nkosazana Dlamini Zuma,KZN,A,-30.028849715478415,31.053940222171516
LIM331,0.6456108475508752,0.536954861841265,0.35542153613866745,0.593498055414368,0.5311266886144517,0.3861333554492722,0.5592841531463625,Greater Giyani,LIM,A,-26.17282320730481,27.764111983180833
LIM332,0.39694239625194355,0.31282390226911067,0.41338210111114143,0.2234183581872751,0.5143418092445486,0.553027631508926,0.710289090569987,Greater Letaba,LIM,B3,-25.970307114141693,28.350976813110634
LIM333,0.3235101577093105,0.4025048995861625,0.17785444259808963,0.26710525387630185,0.13368868686222016,0.12097195506846832,0.4935685340613186,Greater Tzaneen,LIM,C1,-26.130879283970657,28.380066542687928
LIM334,0.3770940639426887,0.39493254600217403,0.4383453587320178,0.47729223396745263,0.6416729408220343,0.5985964777267812,0.4259862468191591,Ba-Phalaborwa,LIM,B2,-26.085394312942466,28.265032352800734
LIM335,0.12073692818832023,0.3489218005048032,0.48083216499148895,0.15873987166404513,0.4321425814828519,0.28429175453867156,0.4000660381323422,Maruleng,LIM,B4,-26.55233663143494,27.91019429308427
LIM341,0.6485191187059355,0.4713497867942999,0.5221145311063937,0.6162367547649436,0.6349472132287407,0.7747298530713245,0.46680648347435527,Musina,LIM,A,-26.101611951671522,28.41026423770871
LIM343,0.6521175997317107,0.4717071738212351,0.4189034993337809,0.41795080306656696,0.639411855767233,0.5333243236768255,0.6078213866592592,Thulamela,LIM,B2,-26.396870586112286,28.260583627866055
LIM344,0.20811232536688787,0.45447428874713114,0.07354054866865634,0.23612429812503444,0.5363977833864029,0.48123561955619176,0.5131375900172839,Makhado,LIM,B3,-26.33291939595769,27.941228916335934
LIM345,0.3150078468033563,0.13128303811611494,0.22398851079342522,0.14072505437921093,0.3087268295664954,0.276900994367241,0.3845125176236053,Collins Chabane,LIM,C2,-25.785240478987962,27.003469814472922
LIM351,0.5117138303013716,0.48719301884862726,0.3983675377315896,0.6251457271734131,0.42617246122132,0.6056292742011387,0.29716392400472735,Blouberg,LIM,B1,-26.84823616403738,27.25890730127859
LIM353,0.3507157200098509,0.6577230112597534,0.5413640855415613,0.48065761692534725,0.5530079641453155,0.44314619969106195,0.5905319571639646,Molemole,LIM,B1,-27.366808059924153,27.660867779922413
LIM354,0.4646136971671761,0.3918106755820812,0.34168046214410736,0.2958714224420731,0.29307500661947694,0.3396519258888224,0.38561983940015027,Polokwane,LIM,B2,-25.82528305013613,27.857557966808713
LIM355,0.33639138732645324,0.2164009028861866,0.21991759069698447,0.0819913159697548,0.4090118304307191,0.4786916442064626,0.4079025728860818,Lepele-Nkumpi,LIM,C2,-26.101104959029072,28.544608748355397
LIM361,0.26139885002732505,0.441639378453542,0.3494494150615174,0.1688968180842165,0.3696085140339287,0.285226193294443,0.19370762089272742,Thabazimbi,LIM,C1,-25.536156933866152,27.965431032636932
LIM362,0.6739677635446203,0.5849170936488121,0.7764531580748433,0.3654585494463247,0.616566734220135,0.5104402819877133,0.7869369320744464,Lephalale,LIM,A,-25.523207055215302,28.046063329217056
LIM366,0.6417471071092138,0.6249969496331972,0.64260389252182,0.38346892080592976,0.5519419560629264,0.5189727687979205,0.4013771519107986,Bela-Bela,LIM,B1,-26.61869911191373,27.702799823900634
LIM367,0.1369235183447051,0.29714248596331366,0.3532920889009244,0.07450791791131511,0.396267347233604,0.13606073545634528,0.44817535520128976,Mogalakwena,LIM,C1,-26.940268256282508,27.555933073133176
LIM368,0.5891128145923852,0.361025792691497,0.28619088849954233,0.30881629028848484,0.7293654815596359,0.6860336941921079,0.463279849006212,Modimolle-Mookgophong,LIM,A,-26.379008344037214,28.4017925096893
LIM471,0.1598233850381005,0.3103760783785626,0.3386233275484394,0.32360725521758993,0.29126912337680083,0.33712326430487494,0.29068916954910295,Ephraim Mogale,LIM,C1,-25.33961508441701,27.30890924231148
LIM472,0.5249420800617818,0.470311752420713,0.3175983204350296,0.6278973249685789,0.506084356440439,0.8005647385154646,0.32356661701531075,Elias Motsoaledi,LIM,B1,-26.00358626587004,27.47972803042123
LIM473,0.1418932610764405,0.3021948882069078,0.23278533703785426,0.36517441164395714,0.19894457041852895,0.23796691930364966,0.21339657902288806,Makhuduthamaga,LIM,C2,-25.9626514557684,27.934456674656136
LIM476,0.5036734150719687,0.5586978478989296,0.4569374965112908,0.4268554790033968,0.3436792419170788,0.2822270162673839,0.3958633247087722,Fetakgomo Tubatse,LIM,B2,-27.115452912923764,28.464148495784244
MAN,0.12236024131829949,0.25254013544581067,0.10066844484664894,0.2782915687886023,0.2998049156288956,0.2886509723729993,0.015714820718236547,Mangaung,FS,C1,-28.985783314412668,26.615875521605986
MP301,0.3816866951339895,0.3955705260108891,0.43863313506250995,0.3260330712055179,0.5795916622213113,0.2923947539063366,0.5363684991051731,Chief Albert Luthuli,MP,B3,-25.23566899885876,31.08096092696442
MP302,0.3342127019951852,0.3379890647386226,0.5763431934234737,0.10756767439448277,0.2863517219855957,0.3983734046051609,0.41491183530146747,Msukaligwa,MP,B3,-24.739669172235914,30.72860692456781
MP303,0.19489691091740272,0.3667499916990172,0.27551844701931005,0.17473262484151847,0.3026347812245389,0.169262099335616,0.1360528340942878,Mkhondo,MP,C1,-26.138428908422863,31.43361120828599
MP304,0.17498430649269095,0.24617124852928737,0.24724096944496088,0.07608779863009368,0.21300625267801843,0.11369291503988811,0.17663307012718382,Dr Pixley Ka Isaka Seme,MP,C2,-25.565744086048625,31.457296222288686
MP305,0.2729708103486449,0.35069008711113164,0.28063727196707144,0.16009520661486526,0.4822802116594782,0.1295023732036365,0.08945328286775361,Lekwa,MP,B4,-25.208311443408764,30.834431234898325
MP306,0.40557131141201336,0.4891866833314525,0.021239619754564322,0.5828537354044664,0.3455898332496658,0.15830268211061657,0.46728663285188266,Dipaleseng,MP,B2,-25.22561205297685,31.87550628006315
MP307,0.3491947390175741,0.5127389551841682,0.6299425934549294,0.5433541069125492,0.5642032256443086,0.5143812033562982,0.49548993991212525,Govan Mbeki,MP,B2,-24.36150973547312,30.93469056756639
MP311,0.48939689402707387,0.4140423953853897,0.4646725448192399,0.5464799805108321,0.3705177019675272,0.581657243788405,0.3949794029451946,Victor Khanye,MP,B2,-25.31990470334146,31.438120078733192
MP312,0.2845923687894197,0.5331413892512777,0.01985147083780144,0.15573520685701803,0.26601614132020757,0.22167906437088958,0.36521719674101677,Emalahleni,MP,C1,-25.82283051638367,31.066535186309125
MP313,0.5147714805572375,0.35014822156393005,0.5011175818719114,0.32505927398820306,0.54431312412836,0.5792352258243287,0.1986006783592716,Steve Tshwete,MP,B2,-25.412931423976925,31.056954105728774
MP314,0.573124820398978,0.533666579398156,0.5425750475805846,0.3189068764327668,0.770096255646019,0.3304889591526857,0.6294685101738937,Emakhazeni,MP,B1,-25.8166844029747,30.105216253345514
MP315,0.5367574489477106,0.4752776621182952,0.4548620879015278,0.33454913791321883,0.6071804524294896,0.448513380044801,0.34198966012640086,Thembisile,MP,B2,-26.436491717995644,30.341307943505196
MP316,0.6205840718046688,0.505252679522271,0.68164024223013,0.6684591071471975,0.6888557089309417,0.3268204496953894,0.2949115532935329,Dr JS Moroka,MP,A,-25.629337642469665,30.75340420667562
MP321,0.6750415180793637,0.5493325976024009,0.7769779592999418,0.5287103390038972,0.64907532418844,0.6166414097496431,0.4795981761800632,Thaba Chweu,MP,A,-24.43138441878524,31.452996684953646
MP324,0.5170582179218888,0.5841091261149837,0.6592845942177848,0.5006486761758775,0.5094603865400208,0.6608227151600359,0.4589794381100535,Nkomazi,MP,A,-25.88104555817081,31.073854226225478
MP325,0.3657623029208344,0.34376664640345966,0.5210789250039694,0.29699869594050876,0.46874014415848547,0.11472876504134691,0.20969057345440167,Bushbuckridge,MP,C1,-25.60353911817516,30.757818080979952
MP326,0.3130529441727025,0.1959898164075388,0.09968406665031619,0.2571109280644583,0.4017586797040244,0.5805139873257426,0.48008254255250665,City of Mbombela,MP,C1,-25.307337175292307,31.209585558487696
NC061,0.25126386996227346,0.2812856341785774,0.24924252713042613,0.21188007648681007,0.7472608105801534,0.3734976656952743,0.2610822743291465,Richtersveld,NC,B3,-28.9852037905821,24.31025880163729
NC062,0.08325298501846749,0.238601254659632,0.3297620713306213,0.2056546644325976,0.2714898178258381,0.3401702303000372,0.07899300350859224,Nama Khoi,NC,C2,-28.684849320521224,24.274231405407114
NC064,0.5373464640805784,0.571910658185469,0.42384116715411235,0.37831345458846993,0.7191222229541502,0.5572962039929478,0.8051755010737475,Kamiesberg,NC,B1,-28.567207381843286,25.242643502222954
NC065,0.43409892626221125,0.25945424182590404,0.2725700083912864,0.2785496402261348,0.2284057502225969,0.6039313547677135,0.4288965219205613,Hantam,NC,B3,-28.716734296381382,24.556875633222152
NC066,0.3578322593928375,0.2052447453592329,0.4401866258068665,0.33803010784914367,0.22995769237052843,0.42784952086979133,0.5277637520396496,Karoo Hoogland,NC,B4,-28.67301721034565,24.545663472226792
NC067,0.3208891180805446,0.2921336052302887,0.3938351290842996,0.20754606748384313,0.576906962951638,0.1854157725485463,0.41292822628206777,Kh√¢i-Ma,NC,B3,-28.432226437267424,23.784296957892437
NC071,0.49022332064128243,0.3052713995012142,0.27309049410342023,0.32349171633305873,0.4731614822260018,0.19782238286986406,0.34183288854727834,Ubuntu,NC,B3,-29.06780368405932,23.704594002438
NC072,0.40447886101081937,0.48950994202809966,0.5512464194255056,0.4527084336294517,0.48158893363736244,0.3966016849756644,0.48243256482837155,Umsobomvu,NC,B1,-29.6475304151136,25.381931114906955
NC073,0.5723425985006113,0.5005161267842777,0.4831774913531277,0.5402625246978034,0.42385064844887993,0.22233632440235068,0.48403234723789285,Emthanjeni,NC,B2,-28.452407509014154,24.340259883357604
NC074,0.44636232608133325,0.4240437840392211,0.30038740688888926,0.42267193573939177,0.4545703571910136,0.726245727168062,0.4581675357041405,Kareeberg,NC,B1,-29.651251728020448,23.217735581079175
NC075,0.25204924864762757,0.32455338726482946,0.45244970009052665,0.3260746322413714,0.48174310066620213,0.4118313312659804,0.6125718481701496,Renosterberg,NC,B2,-29.171747753966315,25.9102075061237
NC076,0.1580320857722509,0.2773894260080352,0.18930444846619965,0.4289558975424005,0.22995733402706633,0.4165064771511585,0.26219218713338655,Thembelihle,NC,B4,-28.682557864268176,24.420213856975256
NC077,0.1950375644134854,0.16490462116053442,0.13562318326337108,0.3772631931188305,0.112431786478375,0.43456874136775914,0.24974912483815956,Siyathemba,NC,B4,-28.667459895249845,23.91952082350278
NC078,0.3364257728388433,0.34330632366471386,0.30895271268616875,0.21270588784205213,0.2925788926542847,0.18359646245325095,0.38741411926205116,Siyancuma,NC,B4,-29.048661681348815,24.74973873650787
NC082,0.4043905953069808,0.22191199916532503,0.44949491336125336,0.5042967617934657,0.49506683820926956,0.5277857490618836,0.5563664411138143,Kai !Garib,NC,B2,-28.943050325910523,25.09540306084504
NC084,0.3274492029685368,0.28354704326027863,0.17543808102319186,0.35778727487592826,0.34930162160191536,0.2219150213470515,0.1899026563056831,!Kheis,NC,C2,-28.72767738688197,25.034163009053998
NC085,0.5499803876889484,0.545880450527654,0.580756444731374,0.3668793311236769,0.7798177114086547,0.3935624554192944,0.3203429787905523,Tsantsabane,NC,A,-29.244186141115378,25.148907704205275
NC086,0.5318599303330048,0.47026957026756516,0.4160574483393398,0.25947094006573324,0.539890651603144,0.2562529026750399,0.35767591516407826,Kgatelopele,NC,B2,-28.085531526188003,24.214925240174292
NC087,0.5202834688900855,0.5604367931033433,0.48254700590276306,0.6035163652111437,0.5886237366002961,0.471767219410534,0.9141313445662432,Dawid Kruiper,NC,A,-29.343847827857278,25.367892168160115
NC091,0.4979013156331847,0.5218021952274473,0.1387177985645861,0.35370314908990796,0.5759892201851932,0.6586669661783766,0.47650648438857046,Sol Plaatje,NC,B2,-28.99567199334753,25.401910696033276
NC092,0.07935139717920611,0.17290795901750822,0.21582919576807014,0.41473642149940715,0.31168150872625416,0.21724794398088834,0.16777534486795787,Dikgatlong,NC,C2,-29.12126785594609,25.427522788135356
NC093,0.3270520012509297,0.3826574776559774,0.5456613643946533,0.36542757909376733,0.39117022267318186,0.4969063120611935,0.5138334200172552,Magareng,NC,B2,-28.834257091597273,24.829114411661347
NC094,0.291842143732781,0.21703417070259676,0.22303977732991215,0.16831069185890307,0.24546583046138318,0.21487500159735948,0.20439731349677137,Phokwane,NC,C2,-28.117640989165047,24.519114761277912
NC451,0.21612749174302195,0.4034832742760652,0.5560937378212736,0.12133057860240956,0.4448579051536603,0.469700517427022,0.40511701322737526,Joe Morolong,NC,B3,-29.37056104796248,24.475717895985824
NC452,0.25376033429103556,0.37434530151943335,0.5629192312247774,0.4166757492692432,0.3527169796733689,0.26761467015445983,0.30193209864371795,Ga-Segonyana,NC,B4,-28.67383302467843,23.917120463909743
NC453,0.462363011149842,0.48099615487806985,0.4123044106042685,0.3479140668206856,0.36215789175465973,0.2367544522468444,0.3143734376538271,Gamagara,NC,B3,-28.581264548674437,24.430614341191127
NMA,0.6623655534079395,0.42387756275407645,0.5737461282798624,0.24303370255887674,0.4861655860289053,0.25715802602280763,0.28085227229823084,Nelson Mandela Bay,EC,B1,-33.57803060336157,24.57491394948449
NW371,0.3448265529116267,0.20314951973072407,0.24126200483915233,0.23259355188792735,0.17849710377833183,0.6138296969874086,0.4719591046300404,Moretele,NW,C1,-26.77959243569003,25.901694120309973
NW372,0.5312287661177323,0.5858726200585606,0.6716445458820333,0.5870984194848599,0.7165203514958014,0.6761988984314824,0.444606991967813,Local Municipality of Madibeng,NW,B1,-27.204268020971554,26.153424820449526
NW373,0.37936885561778083,0.4025860462807321,0.22501381540618054,0.308298649037434,0.40302806152512405,0.2926449226699673,0.10234065279680728,Rustenburg,NW,C1,-26.368667014807258,25.99251896882805
NW374,0.33578361848752913,0.21219616977121855,0.4003488298890862,0.2461831475953271,0.3617226372606503,0.2989638312438766,0.3916707756462915,Kgetlengrivier,NW,C1,-26.421733278624366,25.94820900040433
NW375,0.36380330044336456,0.3430624056602439,0.30079660757474913,0.523028606044312,0.36150554134735774,0.31026219866396487,0.41140288298977556,Moses Kotane,NW,B3,-25.682463348634464,25.756452914473744
NW381,0.27968581368190043,0.28170577794999413,0.31710912189285434,0.09297438892805154,0.31079438409566923,0.30655775819306735,0.3192305535274153,Ratlou,NW,C1,-26.853541609167287,25.42323620982131
NW382,0.5432801727001622,0.38971660310236733,0.4560278172376663,0.6228154065963799,0.571378948354038,0.4953218833854528,0.274456382862659,Tswaing,NW,B1,-27.216131335288917,25.17776410619946
NW383,0.5958016542241736,0.6900269130348549,0.4153524313841042,0.3912414937909625,0.5767117372322944,0.43561485329005206,0.7101496053425937,Mafikeng,NW,A,-27.144398656615458,25.764659809173963
NW384,0.7403753872062442,0.5421986270262842,0.4828707205548105,0.5913862081059199,0.6930917232527566,0.3450460817853385,0.4670369268755615,Ditsobotla,NW,A,-26.532852435751142,25.82557102927608
NW385,0.33087884127605666,0.1749095050335255,0.26860729187444576,0.4701484842837204,0.33684170636531047,0.41929989358588826,0.44203298643931044,Ramotshere Moiloa,NW,B3,-27.082767638714856,26.250092282009984
NW392,0.3094674373599208,0.06625336183747589,0.31119354466432075,0.1007832574289969,0.2972540417191996,0.4833212720214249,0.17750775486176573,Naledi,NW,C2,-26.330293663849524,25.720175846288992
NW393,0.5871963018257603,0.5931336307983798,0.4998783229541215,0.33786945391345946,0.6452575167124653,0.7069884218344414,0.47832384422420265,Mamusa,NW,A,-27.026458072332357,26.0742139604149
NW394,0.24015918782313728,0.4205452130571123,0.2782362688538528,0.32183885302423404,0.4598308050141901,0.39232029873947166,0.433620715386573,Greater Taung,NW,B3,-26.606013206256947,25.075936370292478
NW396,0.37705657078810667,0.2287494747521908,0.1470433990570342,0.1885958487240029,0.582817643729433,0.30208848106432473,0.17099556755996695,Lekwa-Teemane,NW,B4,-26.7339901279922,25.93101790603719
NW397,0.6750363849689002,0.3487259218025147,0.5863016058753217,0.3468182970861982,0.6244585423899119,0.26241261524499104,0.40798012736645617,Kagisano/Molopo,NW,B1,-27.149847393243878,25.894921696418724
NW403,0.2275520828408405,0.3582444179023072,0.4025973457089049,0.2796863444976624,0.2986030224128522,0.24491346668113254,0.3278340872309534,City of Matlosana,NW,C1,-27.427411242628892,26.468093050006086
NW404,0.5829701559428829,0.5361974922609619,0.44153617635866677,0.40294063816662756,0.39035206423188656,0.49577535603313583,0.48134502423032544,Maquassi Hills,NW,B2,-26.07602500747028,25.67374133284852
NW405,0.26580306631940165,0.32150642210425273,0.23867210366195896,0.16044396564853358,0.3928561020771147,0.11551387624226236,0.15656833831012568,JB Marks,NW,C1,-26.518272831080463,24.595039017100063
TSH,0.43265650017394625,0.22349476637807064,0.5571958142800473,0.5542427800023865,0.48309611984926465,0.09699202570407776,0.3603090273537002,City of Tshwane,GT,B3,-26.041752869163346,27.951356700793255
WC011,0.3126519281592433,0.19448787137558807,0.44762993220421426,0.15048107994756493,0.3519191769040059,0.42634704477046265,0.4228515744471325,Matzikama,WC,C1,-34.72587957408963,17.75946539657708
WC012,0.3585090984665409,0.411971479576452,0.26771029001449675,0.05708974789605105,0.629540084955632,0.2085317444671967,0.18034748242908324,Cederberg,WC,B3,-34.11180330323042,18.139705793572293
WC013,0.20479205015950405,0.32537613850578534,0.3922317070656721,0.20486326302644298,0.34151888471137015,0.19415236864009822,0.17063772264328922,Bergrivier,WC,C1,-33.49369935612317,18.520829859910418
WC014,0.3123521244444569,0.1423871536057245,0.39243777034400706,0.5790556980353204,0.271840043813605,0.3131535849362992,0.5284905515114566,Saldanha Bay,WC,B4,-34.787481029821066,18.657705201450405
WC015,0.3024974840460541,0.3879028555574289,0.17321784234770488,0.2916340581138882,0.5556555070180106,0.42700635424264055,0.25623343221578954,Swartland,WC,B3,-34.18876944367782,19.03722360847062
WC022,0.2841540643737049,0.39635094350115524,0.27614149767186436,0.4689533690443156,0.5993543619761572,0.4810335271848174,0.45375566664933586,Witzenberg,WC,B2,-34.21379376821846,18.08169235844888
WC023,0.4519395575088509,0.38671640350003456,0.25215293195510624,0.5049355469721053,0.3314061405310547,0.18673998184682444,0.3219029660468006,Drakenstein,WC,B4,-33.629434194597735,18.781463241168467
WC024,0.49606706955617846,0.5050863831903536,0.5608653100696832,0.4960808597846873,0.7186241169956985,0.5228648424960791,0.5284701599637528,Stellenbosch,WC,A,-33.675950318031894,17.557201341307593
WC025,0.3729433121694676,0.3838048631623246,0.3650390791415848,0.226700532687534,0.35202337790494437,0.10869551206991071,0.40050828224511636,Breede Valley,WC,B4,-33.63098278003587,17.882845974162798
WC026,0.611901678143226,0.8483984374641613,0.2988219835415849,0.5169368238125048,0.5484012899567807,0.7155026763585369,0.5728508038142168,Langeberg,WC,A,-33.78236194420587,17.688132782300467
WC031,0.33993713166909506,0.3028617849653285,0.5058782060152174,0.32680094741663634,0.26473219361206496,0.3605796265120349,0.05661129736180209,Theewaterskloof,WC,B4,-33.67683892622847,17.996700547846313
WC032,0.24752082069430492,0.35800668038455613,0.14427948721514017,0.34432485236419264,0.5019145860098556,0.2431577364047336,0.41916542074512786,Overstrand,WC,B4,-34.54131732513026,18.756910068241197
WC033,0.6424741082983657,0.5714050264647573,0.6254316415621937,0.5445361344488614,0.6150827808463146,0.5247248636587972,0.3899975302438611,Cape Agulhas,WC,A,-33.779177739161625,18.09301159930355
WC034,0.2525196272854096,0.06096302548496627,0.4075888144523335,0.07547891025615173,0.3649894502304798,0.09749218302390358,0.09213392744772336,Swellendam,WC,C1,-33.17441057548947,18.179673789215126
WC041,0.28477042101402433,0.46598094661769335,0.3631349051649063,0.5397795942379208,0.4631336081723067,0.39360251351117836,0.2333942410767953,Kannaland,WC,B2,-33.88394616301453,18.5344567238393
WC042,0.1998161839262392,0.25589939381966914,0.03626433830827365,0.43815276820738336,0.3137930031277533,0.16161025505843776,0.18519065996573086,Hessequa,WC,C1,-34.20983296706431,18.635568146699963
WC043,0.5513192975106419,0.5103531534190385,0.6934080008742667,0.49723346773979493,0.6401973981428507,0.5821986816949859,0.7021266670285214,Mossel Bay,WC,A,-34.16672617358236,18.194180838891896
WC044,0.2641046769246803,0.5303034207726829,0.4214505967657416,0.4398207422102137,0.5148001712487349,0.280024399011571,0.7890011084539039,George,WC,B1,-33.21867868009833,17.879706973743783
WC045,0.29532257448946453,0.3343260336056017,0.10918737061783831,0.3880370308460313,0.40733662791436825,0.3968678739626704,0.47325532663424413,Oudtshoorn,WC,B3,-35.106390165464745,19.205468497505947
WC047,0.6565653605135428,0.5703092852265123,0.42923326666498196,0.2979944390958352,0.7667565023837621,0.3690546526261885,0.44870599964641367,Bitou,WC,B1,-32.6253360236965,18.19736536727533
WC048,0.3628725783451701,0.5518115355547256,0.2828348199450102,0.3273703258035946,0.7395313061850245,0.33636379625579266,0.6288578252186444,Knysna,WC,B2,-34.86841902031009,18.244758011902025
WC051,0.2810642084735095,0.23404522156803095,0.21440490037445292,0.15795390029186557,0.30748423370306865,0.3280798889853407,0.3523615147509094,Laingsburg,WC,B4,-34.04311147492033,18.30503807948887
WC052,0.6072685628622465,0.4071072841032844,0.38825737092941687,0.40158305703275965,0.5426926337287569,0.5475895143902261,0.40399155707909756,Prince Albert,WC,B1,-34.456694020960924,18.689780571238238
WC053,0.39317358975640143,0.24097036289684368,0.2728452365450648,0.17649392158927016,0.4095021641945639,0.30223140401264803,0.21109473755419417,Beaufort West,WC,B4,-33.63774631235695,17.652797190090347
